order_name,family_name,genus_name,species_name,marker,DNA_seq,lat,lon
Ephemeroptera,Heptageniidae,Epeorus,Epeorus fragilis,COI-5P,ATAGTCGGAACCTCCCTCAGATTACTTATTCGTGCTGAACTTGGTCAACCAGGGTCACTAATTGGGGATGATCAAATTTATAATGTCATTGTAACTGCTCATGCTTTTATTATAATTTTCTTTATAGTTATACCTATTATAATTGGGGGGTTTGGTAACTGGCTGGTACCTTTGATATTAGGAGCCCCAGATATAGCATTCCCACGAATAAATAATATAAGTTTCTGACTGCTCCCTCCTGCCTTAACTCTTCTTCTCGCTAGTAGTATAGTAGAAAGCGGAGCCGGGACAGGATGGACCGTTTACCCACCACTCTCCGCTGGAATTGCCCATGCCGGGGCATCTGTTGACCTTGCCATCTTTTCATTACACTTAGCCGGGGTATCCTCAATCCTAGGGGCAGTCAATTTTATCACTACAACGATTAATATACGATCAACAGGAATAACCCTGGACCGAACTCCCCTCTTCGTATGATCGGTTTTAATTACAGCAATTTTACTTCTACTTTCTTTACCTGTCCTTGCAGGAGCTATCACAATACTTTTAACTGACCGTAACTTAAATACATCATTTTTTGACCCAGCAGG-,39.541,-79.2142
Ephemeroptera,Oligoneuriidae,Oligoneuriella,Oligoneuriella rhenana,COI-5P,GACTTTATATTTTATTTTTGGTATTTGATCAGGTATGGTAGGTACGTCTTTAAGACTAATAATTCGTACAGAATTAGGTCAACCGGGCTACTTAATTGGAGATGATCAAATTTATAATGTTATTGTTACTGCTCATGCTTTTATTATAATTTTCTTTATAGTTATACCTATTATAATTGGTGGGTTTGGAAATTGANTNGTTCCTTTAATATTAGGAGCTCCTGATATAGCTTTCCCCCGAATAAATAATATAAGATTTTGATTATTACCTCCTGCTTTAACTTTTTTATTAGCTAGTAGTATAGTAGAAAGAGGGGCGGGAACTGGATGAACTGTGTATCCTCCTTTAGCTTCTGGTATTGCTCATGCAGGAGCATCGGTTGATTTGGCTATTTTCTCTTTACATTTAGCAGGAGTTTCTTCTATTTTAGGGGCTGTAAATTTTATTACTACTGTCATTAATATACGTTCTCCAGGTATGACTATAGACCGAGTACCTTTATTTGTATGGTCTGTTTTAATTACAGCTGTACTTCTTTTATTATCTTTACCTGTATTAGCAGGGGCTATNACTATACTATTAACTGATCGAAATTTAAATACTTCTTTCTTTGACCCTGCAGGAGGGGGGGATCCTATTTTATACCAACACTTATTT,42.4275,22.5202
Ephemeroptera,Ephemerellidae,Serratella,Serratella micheneri,COI-5P,-----------------------------------------------------------------------------------------------------------------------------------------------------------------------------------------------------------------------------------------------------------TGAGTTTTTGATTATTACCTCCTGCGTTAACCCTCTTATTAGCTAGAAGTATGGTGGAGAGAGGGGCTGGAACTGGTTGAACAGTCTATCCTCCCCTGGCGTCAGGAATGGCCCATGCTGGTGCATCAGTAGATTTAGCAATCTTTTCCTTACATCTTGCCGGGGTATCTTCGATTTTAGGGGCAGTAAACTTTATCACTACTACTATTAATATGCGAACAAGTGGAATAACTATAGACCGAATTCCCTTATTTGTCTGGTCTGTATTAATTACAGCTATTCTATTACTATTATCTTTGCCAGTATTAGCAGGAGCCATTACTATATTGTTGACAGACCGTAACTTAAATACCTCCTTTTTCGACCCTGCCGGAGGTGGTGATCCTATTTTATACCAACACTTATTT,34.241,-117.869
Ephemeroptera,Baetidae,Fallceon,NA,COI-5P,-----------------------------------------------------------------------------------------------------------------------------------------------------------------------------------------------------------------------------------------------------------TAAGATTTTGGTTATTACCTCCATCTCTAATTATACTTATTTCTAGAAGATTGGTAGACGCAGGTGCAGGTACAGGTTGAACTGTCTACCCTCCTCTGGCGGCCAATATCGCTCATGGAGGGTCATCTGTAGATTTTGCTATTTTTTCATTGCATTTGGCGGGCGTATCATCAATTTTAGGTGCTGTAAATTTTATTACCACAGTAATTAATATGCGTAGCCCAGGGATGGGATTTGATAGAATGCCATTATTTGTTTGGTCAGTAGTAATCACTGCAGTTTTATTATTGTTATCTCTACCTGTTTTAGCTGGAGCAATCACAATGTTACTAACTGATCGAAATTTAAATACGTCCTTTTTTGACCCGGCAGGAGGTGGGGATCCTATTTTATACCAACATTTATTT,34.201,-119.001
Ephemeroptera,Heptageniidae,Heptagenia,Heptagenia pulla,COI-5P,AACTTTATACTTCATTTTTGGGGCTTGATCTGGTATAGTAGGGACTTCTCTTAGTCTACTAATTCGAGCTGAATTAGGACAGCCAGGGTCCTTAATTGGAGATGACCAAATTTATAATGTGATTGTTACAGCTCACGCTTTTATCATGATTTTCTTCATGGTTATGCCTATCATAATTGGAGGATTTGGTAATTGATTAGTTCCTTTAATGTTAGGTGCCCCAGATATGGCTTTCCCTCGAATAAACAATATAAGTTTCTGATTATTGCCTCCTGCTCTAACTTTACTTCTGGCTAGAAGTATAGTTGAAAGCGGAGCAGGTACAGGTTGGACGGTTTATCCCCCACTTTCTGCGGGCATTGCTCACGCTGGAGCCTCAGTAGACTTAGCCATTTTCTCGCTTCATTTAGCTGGGGTGTCTTCTATTCTAGGGGCAGTAAATTTTATTACTACAACTATTAATATACGATCAACGGGGATAACAATAGACCGAATTCCTTTATTTGTATGGTCTGTATTAATTACTGCCATCTTACTTTTACTATCTCTCCCTGTTCTTGCAGGAGCTATTACAATACTTTTAACCGACCGGAACTTAAATACATCTTTCTTTGACCCTGCTGGTGGGGGAGATCCGATTCTTTACCAACATTTATTT,58.6756,-94.1688
Ephemeroptera,Heptageniidae,Epeorus,Epeorus vitreus,COI-5P,AACTCTATATTTCATTTTCGGGGCTTGATCCGGTATAGTAGGAACTTCTCTTAGTCTCCTAATTCGGGCAGAACTAGGACAACCCGGTTCCCTCATTGGGGATGACCAAATTTATAATGTTATTGTTACCGCACACGCCTTTATTATAATTTTTTTCATGGTTATACCTATTATAATTGGAGGATTTGGTAATTGATTGGTACCTCTTATACTAGGAGCTCCCGATATAGCTTTCCCCCGAATAAATAATATAAGATTTTGATTATTACCTCCTGCTTTAACTCTCCTTCTTGCTAGAAGTATGGTGGAAAGCGGGGCTGGTACAGGATGGACCGTTTACCCTCCACTTTCTGCAGGGATTGCTCACGCTGGGGCATCAGTTGATCTTGCTATTTTCTCTCTTCACCTGGCTGGGGTGTCTTCTATTCTAGGGGCTGTAAATTTCATTACAACAACTATTAATATACGATCAACTGGTATAACAATAGACCGAATTCCCCTTTTTGTATGGTCCGTTCTAATTACTGCTGTTTTACTTCTTCTTTCTCTACCTGTTTTAGCTGGAGCTATTACAATACTTTTAACTGACCGTAACTTAAATACTTCATTCTTCGATCCTGCAGGGGGAGGAGATCCAATTTTATACCAACATTTATTT,46.84,-66.077
Ephemeroptera,Ephemerellidae,Ephemerella,Ephemerella subvaria,COI-5P,AACTTTATACTTTATTTTCGGGGCTTGATCCGGCATAATTGGCACCTCTTTAAGTCTACTCATTCGGGCCGAACTAGGGCAACCTGGGTCCCTGATTGGAGATGACCAAATTTACAATGTCATCGTTACCGCCCATGCCTTCATTATAATTTTCTTTATAGTAATGCCTATTATAATTGGAGGATTTGGGAATTGATTAGTGCCCCTCATGCTCGGAGCTCCCGATATAGCTTTCCCCCGCATAAATAATATAAGCTTTTGACTTTTGCCTCCTGCCTTAACACTCCTATTAGCCAGTAGCATGGTAGAAAGAGGGGCGGGTACTGGTTGAACAGTTTACCCGCCCCTGGCTTCCGGTATTGCTCATGCTGGAGGCTCTGTAGATCTCGCCATTTTCTCTCTTCACTTGGCTGGAGTCTCCTCTATTCTAGGGGCTGTAAACTTTATTACAACAACTATTAATATGCGGGCAAGAGGTATATCTATAGACCGGATTCCCCTTTTCGTATGATCTGTCCTAATTACAGCTATCTTACTTTTACTTTCTCTCCCAGTTTTAGCAGGAGCCATCACGATACTCCTCACTGACCGGAACCTTAATACATCCTTCTTTGACCCTGCTGGGGGAGGAGACCCCATTCTTTACCAGCATTTATTT,45.976,-66.719
Ephemeroptera,Baetidae,Baetis,Baetis hudsonicus,COI-5P,CGTTATATTTTATTTTCGGTGCTTGATCGGGTATGGTAGGAACGTCTTTAAGTCTACTTATTCGAGCAGAGCTCGGGAATCCTGGGTCTCTTATTGGTGATGACCAGATTTATAATGTCATTGTAACCGCTCACGCCTTTATTATAATTTTTTTTATAGTGATACCAATTATAATTGGGGGTTTTGGTAATTGACTAGTACCTCTTATATTAGGGGCTCCAGATATGGCTTTCCCTCGAATAAATAATATAAGCTTTTGGTTATTACCACCTTCTTTAACTTTACTTGTGTCAAGCAGAGTAGTTGACGTAGGTGCTGGTACAGGGTGAACTGTTTACCCTCCTCTAGCTGCTAACATTGCACACGGTGGTTCTTCAGTAGATTTTGCTATTTTTTCCTTGCATTTGGCTGGGGTTTCATCAATCTTAGGGGCAGTAAATTTTATCACAACTGTTGTAAATATGCGCAGCCCAGGTATAACTTTAGACCGAATACCCTTATTCGTGTGATCGGTTGTAATTACTGCTATTTTGCTGCTTTTGTCATTACCTGTTTTAGCAGGGGCAATTACGATACTGTTGACTGACCGTAATTTAAATACTTCTTTTTTTGACCCGGCTGGTGGGGGAGACCCCATTCTGTACCAACATTTAT,67.809,-115.199
Ephemeroptera,Polymitarcyidae,Ephoron,Ephoron shigae,COI-5P,GAACTTCTCTTAGCCTTTTAATCCGAGCTGAACTCGGACAACCAGGATCTTTAATTGGGGACGATCAGATTTATAACGTCATTGTTACTGCACATGCTTTTATTATAATTTTCTTCATAGTTATGCCTATTATAATTGGAGGGTTTGGTAATTGATTAGTTCCTTTAATGTTGGGGGCACCCGACATGGCTTTCCCCCGTATAAATAATATAAGTTTTTGACTCCTCCCACCTGCCTTAACCCTACTATTAGCTAGTAGTATGGTAGAAAGTGGGGCAGGTACTGGCTGAACTGTATACCCCCCATTAGCTGCCGGTATTGCCCATGCCGGAGCTTCCGTAGATTTAGCTATCTTTTCCCTTCATTTAGCTGGGGTTTCTTCGATTCTAGGTGCAGTAAATTTTATTACAACTATTATTAATATACGCTCAAGAGGTATAACTATAGACCGAATTCCTCTATTTGTGTGATCAGTCTTTATTACTGCAATTTTACTACTCCTATCCCTACCAGTATTAGCAGGAGCCATTACTATACTACTTACAGATCGTAA,34.13,134.47
Ephemeroptera,Baetidae,Baetis,Baetis rhodani,COI-5P,AGCTCGGGAACCCGGGCTCTCTCATTGGTGATGACCAAATTTATAACGTTATCGTAACTGCCCATGCATTTATTATAATTTTTTTTATAGTGATACCAATCATAATTGGTGGATTTGGTAATTGATTAGTACCTCTTATATTAGGGGCACCGGATATGGCTTTCCCTCGAATAAACAATATAAGTTTTTGACTCTTGCCACCTTCTTTAACTTTATTAGTGTCAAGTAGAGTAGTAGATGTAGGAGCAGGGACTGGGTGAACTGTCTACCCTCCCCTAGCTGCTAATATCGCCCACGGGGGTTCTTCAGTAGACTTCGCTATTTTTTCTTTACATTTGGCTGGGGTTTCATCAATTCTAGGGGCAGTAAATTTTATTACAACTGTGGTTAACATACGTAGTCCGGGCATGACCCTAGATCGAATGCCCTTATTTGTGTGGTCAGTGGTGATTACTGCTGTCTTGCTTTTATTATCATTACCTGTTTTAGCAGGGGCAATTACTATATTGCTGACCGATCGAAATTTAAATACTTCATTTTTTGACCCGGCTGGTGGTGGGGATCCTATTTTA,52.1931,-3.7999
Ephemeroptera,Leptohyphidae,Leptohyphes,Leptohyphes SADR03,COI-5P,AACTCTGTACTTCATCTTTGGGGGATGAGCAGGTATAGTCGGCACGTCCCTGAGCATACTGATCCGGGCTGAACTCGGACAAGCGGGTGCCTTAATTGGGGATGACCAGATTTATAACGTAATTGTAACTGCTCACGCTTTCATTATAATTTTCTTTATAGTAATGCCTATTATGATTGGGGGATTTGGAAATTGACTAGTTCCCTTAATATTAGGAGCTCCGGACATAGCTTTCCCTCGAATAAACAATATAAGATTTTGACTTTTACCCCCTGCCTTAACCCTTTTGTTAGCTAGAAGCCTTGTCGAAAGAGGGGCGGGGACGGGTTGAACCGTCTACCCCCCGCTTGCTAGCGGAATTGCTCATGCAGGGGCTGCTGTAGATTTAGCTATTTTTTCTCTCCATCTAGCAGGAGTTTCTTCTATTTTAGGTGCAATTAACTTTATTACCACCATTATCAACATACGAACCCCTGGGATAACTTTCGACCGAATACCTTTATTTGTTTGATCTGTAGGAATTACAGCAGTGCTCCTCCTCTTATCCTTACCCGTACTTGCTGGGGCAATTACTATACTTTTAACTGACCGTAATCTTAATACCTCGTTCTTTGATCCTGCAGGGGGAGGGGATCCCATTCTCTATCAACATCTCTTC,9.97,-84.082
Ephemeroptera,Ephemerellidae,Serratella,Serratella micheneri,COI-5P,AACTTTATATTTTATTTTTGGAGCTTGGTCCGGTATAATCGGTACATCTCTAAGTTTACTAATCCGGGCAGAATTGGGGCAGCCAGGTTCTTTAATTGGGGATGATCAAATCTATAATGTCATCGTTACTGCTCATGCTTTTATTATAATTTTCTTTATGGTTATGCCTATTATAATTGGGGGTTTCGGTAATTGACTTGTTCCACTAATATTAGGGGCACCTGATATGGCTTTCCCCCGAATAAATAATATGAGTTTTTGATTATTACCTCCTGCGTTAACCCTCTTATTAGCTAGAAGCATGGTGGAGAGAGGGGCTGGAACTGGTTGAACAGTCTATCCTCCCCTGGCGTCAGGAATGGCCCATGCTGGTGCATCAGTAGATTTAGCAATCTTTTCCTTACATCTTGCCGGGGTATCTTCGATTTTAGGGGCAGTAAACTTTATCACTACTACTATTAATATGCGAACAAGTGGAATAACTATAGACCGAATTCCCTTATTTGTCTGGTCTGTGT--------------------------------------------------------------------------------------------------------------------------------------------,34.237,-117.817
Ephemeroptera,Ephemerellidae,Ephemerella,Ephemerella dorothea,COI-5P,ACTTTATATTTTATTTTTGGGGCTTGATCCGGCATAATTGGTACTTCCCTAAGTCTACTTATTCGGGCAGAATTGGGACAGCCTGGGTCCCTTATTGGAGATGATCAAATCTATAATGTTATCGTCACTGCTCACGCCTTTATTATAATTTTCTTCATAGTAATACCTATTATAATTGGTGGGTTTGGGAATTGGTTAGTCCCACTTATGCTAGGGGCTCCTGATATGGCCTTCCCTCGTATAAATAACATGAGCTTTTGGCTTTTGCCTCCTGCCCTAACACTTCTATTAGCCAGCAGCATAGTAGAAAGAGGGGCTGGTACTGGTTGAACAGTTTACCCTCCACTCGCATCCGGGATTGCTCACGCAGGGGGTTCTGTAGATCTCGCCATTTTCTCCCTTCACTTAGCCGGTGTTTCTTCTATTCTAGGGGCTGTAAACTTTATTACTACAACTATTAATATGCGTGCAAGTGGTATATCAATGGACCGTATCCCACTTTTCGTGTGGTCAGTCCTAATTACAGCTATTTTGCTCTTGCTTTCCCTACCAGTTTTAGCAGGAGCCATCACCATACTCCTCACTGATCGTAACCTAAACACGTCCTTCTTTGACCCCGCTGGAGGAGGAGACCCCATTCTTTACCAACACTTGTTT,39.8596,-75.7843
Ephemeroptera,Baetidae,Callibaetis,Callibaetis ferrugineus,COI-5P,TACCCTTTATTTTATTTTTGGTGCTTGGGCGGGTATGGTAGGTACCTCTTTAAGATTATTAATTCGAGCTGAATTAGGGAACCCGGGGTCTTTAATTGGGGATGACCAAATTTATAATGTAATTGTTACTGCTCATGCTTTTATTATAATTTTTTTCATAGTTATACCTATTATGATTGGGGGATTTGGTAATTGGTTGGTTCCTTTGATATTGGGTGCGCCTGATATAGCTTTCCCTCGAATAAATAATATGAGATTTTGGTTACTACCTCCTTCTCTAGCCTTATTAGTATCTAGAAGTCTTGTTGATGTAGGGGCTGGAACCGGATGAACAGTTTATCCTCCTTTAGCGGCTAATATCGCCCACGGGGGATCTTCTGTGGATTTTGCCATCTTTTCTTTACATTTAGCCGGGATTTCGTCTATTTTGGGTGCAGTCAATTTTATTACTACCGTTATTAATATGCGTAGACCAGGTATAACTTTAGATCGTGTTCCCTTATTTGTGTGATCTGTGGTGATTACAGCAGTTCTTTTATTACTATCTTTACCTGTGTTGGCGGGAGCTATTACTATATTACTAACTGACCGTAATTTAAATACATCCTTTTTTGATCCTGCTGGGGGTGGGGATCCTATTTTGTACCAACATCTAT--,49.023,-114.045
Ephemeroptera,Heptageniidae,Maccaffertium,Maccaffertium smithae,COI-5P,TTGATCGGGGATAGTAGGTACTTCTTTAAGCTTACTTATCCGGGCTGAATTGGGCCAACCAGGTTCTCTAATTGGTGATGATCAAATCTATAATGTTATTGTAACAGCCCATGCTTTTATTATGATTTTCTTCATGGTTATACCTATTATAATTGGTGGATTTGGTAATTGGCTTGTACCTTTAATATTAGGAGCGCCTGACATGGCCTTCCCACGAATAAATAATATGAGATTCTGACTTCTTCCACCGGCATTGACACTACTACTGGCTAGAAGTATAGTAGAAAGAGGAGCTGGTACAGGTTGGACGGTCTACCCACCCCTATCTGCTGGGATTGCTCATGCTGGAGCCTCAGTTGATCTAGCAATCTTTTCTCTTCATTTAGCTGGGGTATCTTCGATCCTAGGAGCGGTAAATTTTATTACAACAACAATTAACATGCGTTCCACAGGTATGACCATAGATCGAATCCCACTCTTTGTATGATCCGTTCTAATTACAGCCATCCTCCTCCTACTTTCACTGCCTGTATTGGCCGGTGCTATTACAATGCTTCTAACTGATCGTAATCTTAATACATCGTTCTTTGATCCGGCAGGAGG-,39.021,-76.0472
Ephemeroptera,Ephemerellidae,Ephemerella,Ephemerella invaria,COI-5P,ATAATCGGTACTTCTTTAAGTCTACTCATCCGGGCAGAATTGGGGCAACCTGGGTCCCTAATTGGGGATGACCAAATCTACAATGTTATTGTTACTGCTCACGCCTTTATTATAATTTTCTTTATAGTAATACCTATTATAATTGGAGGGTTCGGGAACTGACTAGTACCCCTTATACTTGGAGCTCCCGATATAGCTTTCCCCCGTATAAATAATATAAGTTTTTGGCTTTTGCCTCCTGCCTTAACGCTCCTCTTAGCAAGAAGTATAGTAGAAAGAGGGGCGGGTACTGGTTGAACAGTATACCCTCCCTTAGCTTCCGGGATTGCTCACGCTGGAGGTTCTGTAGATCTCGCTATTTTCTCGCTTCACCTAGCTGGGGTTTCTTCTATTCTAGGGGCGGTAAACTTTATTACTACAACTATCAATATACGTGCAAGCGGCATATCTATAGATCAAATCCCGCTTTTCGTGTGGTCAGTACTAATTACAGCTATCTTACTTCTTCTTTCTCTCCCAGTTTTAGCAGGAGCCATTACTATACTTCTTACTGACCGTAATCTTAATACGTCCTTCTTTGACCCCGC-,38.564,-76.7601
Ephemeroptera,Baetidae,Baetis,Baetis tricaudatus,COI-5P,TACTCTGTATTTTATTTTTGGTGCTTGGTCGGGTATGGTGGGCACTTCTCTTAGTTTGTTAATTCGGGCTGAGTTGGGTAATCCTGGCTCACTTATTGGGGATGACCAGATTTATAACGTTATTGTTACTGCTCATGCGTTTATTATAATCTTTTTTATAGTGATACCAATTATAATCGGTGGATTTGGGAATTGGCTTGTACCCCTTATGTTAGGTGCCCCAGACATGGCTTTCCCTCGTATAAATAATATAAGTTTTTGGTTGTTGCCCCCGTCTTTGACTCTTTTGGTTTCAAGTAGAATCGTAGATGTAGGTGCGGGTACTGGTTGGACAGTTTACCCACCTCTGGCAGCTAATATTGCCCACGGCGGGTCTTCTGTAGATTTTGCCATTTTTTCATTGCATCTAGCAGGGGTTTCTTCGATCTTAGGGGCTGTTAATTTTATTACAACTGTGGTGAATATACGTAGACCTGGTATAACCTTGGATCGAATGCCTCTATTTGTATGGTCCGTAGTAATTACAGCGGTGTTACTTTTGTTATCTTTACCAGTTTTAGCAGGGGCTATTACTATACTCCTGACTGACCGTAACCTAAACACCTCATTCTTCGACCCCGCGGGAGGAGGGGATCCTATTTTGTACCAACATCTCTTT,34.23,-117.78
Ephemeroptera,NA,NA,NA,COI-5P,---------------TTTTGGTGCTTGGTCGGGTATGGTGGGTACTTCCCTCAGACTGTTAATTCGAGCTGAGCTGGGTAACCCGGGGTCTTTAATTGGTGATGACCAAATTTATAACGTTATTGTAACAGCTCATGCTTTTATTATAATTTTTTTTATAGTGATACCTATTATAATTGGGGGATTTGGTAATTGGCTGGTACCCCTTATGCTGGGTGCACCTGACATGGCTTTCCCACGAATAAATAATATAAGCTTTTGGCTTTTGCCACCGTCTTTAACTCTATTGATTTCTAGTAGAATTGTAGACGTTGGTGCTGGTACTGGTTGAACGGTTTATCCCCCTTTAGCGGCTAATATCGCCCATGGCGGGTCATCGGTTGATTTTGCTATCTTTTCATTACACTTAGCGGGTATTTCTTCTATTTTAGGGGCAGTTAATTTCATTACTACCGTTGTTAATATGCGTAGTCCTGGTATAACCTTAGACCGTATACCACTATTTGTATGATCTGTCGTGATTACGGCGGTGTTATTATTATTATCCTTACCAGTCTTAGCAGGAGCTATTACGATGCTGTTAACTGATCGTAATTTAAATACTTCTTTTTTTGACCCGGCTGGCGGGGGTGACCCTATTTTGTACCAACACTTATTT,46.1798,-66.6205
Ephemeroptera,Heptageniidae,Cinygmula,Cinygmula sp. C BG,COI-5P,AACCCTCTACTTTATTTTCGGAGCTTGATCAGGAATGGTCGGTACTTCGTTAAGTTTATTAATCCGAGCCGAATTAGGTCAACCTGGTTCTTTAATTGGGGATGACCAAATTTATAATGTTATTGTAACAGCTCACGCTTTTATTATAATTTTCTTTATAGTTATGCCTATTATAATTGGGGGATTTGGAAATTGATTAGTTCCTCTTATATTAGGGGCTCCTGATATAGCTTTCCCCCGAATAAATAATATGAGATTTTGATTACTTCCTCCTGCACTTACTCTCCTTCTGTCTAGCAGAATGGTAGAAAGAGGAGCTGGGACAGGGTGAACTGTTTACCCTCCTCTTTCTGCAGGAATTGCTCATGCAGGGGCTTCAGTTGATTTAGCTATTTTTTCTTTACATTTAGCTGGAGTTTCTTCTATTTTAGGGGCTGTAAATTTTATTACTACTACAATTAATATACGATCAAGTGGAATAACTATAGACCGAATCCCTCTTTTTGTTTGGTCAGTATTAATTACTGCAATTTTATTACTTCTCTCTTTACCTGTTTTAGCTGGAGCTATTACTATATTATTAACAGATCGTAATTTAAACACCTCATTCTTTGACCCTGCAGGTGGGGGAGACCCTATTTTGTACCAACATTTATTT,40.071,-105.615
Ephemeroptera,Leptophlebiidae,Isothraulus,Isothraulus abditus,COI-5P,TACACTTTATTTTATCTTCGGGGCTTGGGCAGGGATAGTAGGTACTTCCCTAAGCTTGTTAATCCGAGCTGAGTTAGGACAACCTGGGTCCCTTATTGGGGATGACCAGATTTATAACGTAATTGTCACAGCTCACGCTTTTATTATAATTTTCTTCATGGTTATGCCGATTATAATTGGAGGGTTCGGGAACTGATTAGTGCCCCTTATATTAGGGGCTCCTGATATGGCTTTCCCCCGTATAAATAACATGAGTTTCTGGCTCCTCCCGCCCTCCCTTACCCTTTTATTAGCTAGCAGTATAGTAGAAAGAGGGGCGGGTACGGGGTGGACCGTGTATCCACCTCTTTCCGCAGGAATCGCCCACGCAGGAGCCTCAGTAGACCTCGCCATTTTTTCCTTGCACCTTGCAGGGGTGTCCTCAATCCTAGGGGCCGTAAATTTTATCACTACAACTATTAATATGCGAACTACTGGCATGACAATAGACCGAATCCCCCTTTTCGTATGATCAGTAGTAATTACTGCAGTACTTTTACTTTTATCCCTCCCTGTATTGGCCGGGGCTATTACCATACTCCTAACGGACCGTAACCTAAATACTTCGTTCTTTGACCCTGCGGGAGGGGGAGACCCTATCCTATACCAGCATCTATTT,-39.12,174.51
Ephemeroptera,Leptohyphidae,Vacupernius,Vacupernius packeri,COI-5P,AACTTTATACTTTATTTTTGGTACATGGTCAGGAATAGTCGGAACTTCTCTTAGAGTTTTAATTCGAGCAGAGTTAGGGCAAGGGGGAGCACTAATTGGAGACGACCAAATCTATAACGTCATTGTAACGGCCCATGCCTTCATCATAATTTTCTTTATAGTAATGCCTATTATAATTGGGGGGTTTGGTAATTGACTAGTTCCCCTTATACTTGGGGCGCCAGATATAGCATTCCCACGTATAAACAATATAAGATTTTGACTACTACCCCCAGCTCTTACTTTTCTTCTAACTAGTAGTCTAGTAGAAAGAGGGGCTGGTACTGGGTGAACGGTATACCCCCCTTTAGCTAGAGGCATCGCTCACGCGGGTGGGGCTGTTGACTTAGCAATTTTTAGCCTTCATCTAGCAGGGGTTTCCTCTATTTTGGGAGCCATTAATTTTATTACTACTATTATTAATATACGAACCCCTGGGATAACATTTGATCGAATACCCCTATTTGTTTGGTCGGTTGGGATCACTGCCATTTTACTTCTTCTTTCCCTTCCTGTTTTAGCAGGAGCTATTACTATACTTCTAACCGACCGAAATTTGAATACTTCTTTCTTCGATCCTGCAGGGGGAGGGGACCCAATTTTATACCAGCATCTTTTC,8.639,-83.467
Ephemeroptera,Caenidae,Caenis,NA,COI-5P,ACATTATATTTTATTTTTGGTGTATGATCTGGTATAGTAGGAACCTCTTTAAGTCTTTTAATCCGAGCCGAATTAGGTCACCCGGGCTCTCTAATTGGGGATGATCAAATTTATAATGTTATTGTGACTGCCCATGCCTTCATCATAATTTTCTTTATAGTAATACCTATTATAATTGGAGGTTTTGGTAATTGATTAGTACCTTTAATACTAGGAGCCCCAGATATGGCCTTTCCTCGAATAAATAATATAAGATTTTGATTATTACCCCCAGCTCTAACCCTTCTTTTAACTAGAAGACTTGTAGAAGCAGGGGCCGGTACAGGTTGAACAGTGTACCCTCCATTGGCAGCAGGAATCGCTCATGCTGGGGCATCAGTAGATTTAGCCATCTTCTCATTACATTTAGCCGGTATCTCTTCAATTTTAGGTGCTGTAAATTTTATCACCACTACAATCAATATACGTTCTAGAGGTATAACTATAGACCGTATTCCTTTATTTGTTTGGTCTGTAGTTATTACAGCAGTTCTACTTCTTCTATCGCTCCCAGTTCTGGCAGGGGCTATCACTATACTTCTAACAGATCGT-------------------------------,41.9672,-82.5038
Ephemeroptera,Caenidae,Caenis,NA,COI-5P,AACATTATATTTTATTTTTGGTGTATGATCTGGTATAGTAGGAACCTCTTTAAGTCTTTTAATCCGAGCCGAATTAGGTCACCCGGGCTCTCTAATTGGGGATGATCAAATTTATAATGTTATTGTGACTGCCCATGCCTTCATCATAATTTTCTTTATAGTAATACCTATTATAATTGGAGGTTTTGGTAATTGATTAGTACCTTTAATACTAGGAGCCCCAGATATGGCCTTTCCTCGAATAAATAATATAAGATTTTGATTATTACCCCCAGCTCTAACCCTTCTTTTAACTAGAAGACTTGTAGAAGCAGGGGCCGGTACAGGTTGAACAGTGTACCCTCCATTGGCAGCAGGAATCGCTCATGCTGGGGCATCAGTAGATTTAGCCATCTTCTCATTACATTTAGCCGGTATCTCTTCAATTTTAGGTGCTGTAAATTTTATCACCACTACAATCAATATACGTTCTAGAGGTATAACTATAGACCGTATTCCTTTATTTGTTTGGTCTGTAGTTATTACAGCAGTTCTACTTCTTCTATCGCTCCCAGTTCTGGCAGGGGCTATCACTATACTTCTAACAGATCGTAACTTAAATACTTCTTTCTTTGACCCAGCAGGTGGGGGTGACCCTATTTTATACCAACATTTGTTC,42.3118,-81.853
Ephemeroptera,Ephemerellidae,Ephemerella,Ephemerella invaria,COI-5P,GGAGCTTGGTCCGGTATGATCGGTACTTCTTTAAGCTTACTCATCCGGGCAGAACTAGGACAACCTGGGTCCCTAATTGGAGACGATCAAATCTACAATGTTATCGTTACTGCTCACGCCTTTATTATAATTTTCTTTATAGTAATACCTATTATAATTGGAGGGTTTGGGAACTGGCTAGTACCCCTTATACTTGGAGCCCCCGATATAGCTTTCCCCCGTATAAATAATATAAGTTTTTGGCTTTTGCCTCCTGCCTTAACGCTCCTATTAGCAAGAAGTATAGTAGAAAGAGGGGCGGGTACTGGTTGGACAGTCTACCCTCCCTTGGCCTCCGGGATCGCTCACGCTGGAGGCTCCGTAGATCTCGCTATTTTCTCGCTTCACCTAGCTGGAGTTTCTTCTATTCTAGGGGCGGTAAACTTTATTACTACAACTATTAACATACGTGCAAGCGGCATATCTATAGACCGAATCCCGCTTTTCGTGTGGTCAGTACTAATTACAGCTATCTTACTTTTACTTTCTCTCCCAGTTTTAGCGGGAGCCATTACTATACTTCTCACTGATCGTAATCTTAATACGTCCTTCTTTGACCCCGCTGGAGGAGGA-,39.44,-76.698
Ephemeroptera,Baetidae,Acerpenna,Acerpenna macdunnoughi,COI-5P,AGACGATCAAATTTATAATGTTATTGTTACAGCCCATGCTTTTATTATGATTTTCTTTATGGTGATGCCAATTATGATTGGGGGTTTTGGGAATTGGTTGGTGCCTTTGATATTGGGAGCTCCTGACATGGCTTTTCCTCGTATGAATAATATAAGATTTTGGTTATTACCTCCATCGTTGACTCTTTTGGTTTCAAGAAGATTGGTTGATGTAGGGGCCGGGACTGGTTGAACAGTTTACCCGCCTCTGGCTGCTAATATCGCTCATGGGGGATCTTCAGTGGATTTTGCTATTTTTTCTTTACACTTGGCTGGGGTGTCATCTATTTTAGGGGCGGTTAACTTCATTACTACAGTCATTAATATACGTAGCCCGGGAATAACGTTAGATCGTATACCTTTATTTGTGTGGTCGGTAGTTATTACTGCGGTGTTATTACTTCTTTCACTGCCTGTATTAGC-,38.499,-76.903
Ephemeroptera,Ephemerellidae,Ephemerella,Ephemerella dorothea,COI-5P,AATTGGCACTTCCCTAAGTCTACTTATTCGGGCAGAATTGGGACAGCCTGGGTCCCTTATTGGAGATGATCAAATCTATAATGTTATCGTCACTGCTCACGCCTTTATTATAATTTTCTTCATAGTAATACCTATTATAATTGGTGGGTTTGGGAATTGGTTAGTCCCACTTATGCTAGGGGCTCCTGATATGGCCTTCCCCCGTATAAATAACATGAGCTTTTGGCTTTTGCCTCCTGCCCTAACACTTCTCTTAGCCAGCAGCATAGTAGAAAGAGGGGCTGGTACTGGTTGAACAGTTTACCCTCCACTCGCATCCGGGATTGCTCACGCAGGGGRCTCTGTAGATCTCGCCATTTTCTCCCTTCACTTAGCCGGTGTTTCTTCTATTCTAGGGGCTGTAAACTTTATTACTACAACTATTAATATGCGTGCAAGTGGTATATCAATGGACCGTATCCCACTTTTCGTGTGGTCAGTCCTAATTACAGCTATTTTGCTCTTGCTTTCCCTACCCGTTTTAGCAGGAGCCATCACCATACTCCTCACTGATCGTAACCTAAACACGTCCTT-,39.169,-76.972
Ephemeroptera,Baetidae,Callibaetis,Callibaetis ferrugineus,COI-5P,TACCCTTTATTTTATTTTTGGTGCTTGGGCGGGTATAGTAGGTACTTCTTTAAGATTGTTAATTCGAGCTGAATTA---GGTAACCCCGGGTCTTTAATTGGGGACGACCAAATTTATAATGTAATTGTTACTGCTCATGCTTTTATTATAATTTTTTTTATAGTTATGCCTATTATAATCGGGGGTTTCGGGAATTGATTGGTGCCCTTAATATTAGGAGCTCCAGATATAGCCTTCCCCCGTATGAATAATATAAGATTTTGGTTATTACCCCCTTCTCTAGCATTACTAGTTTCTAGTAGCCTTGTTGATGTAGGGGCTGGAACTGGTTGAACGGTGTACCCTCCTTTAGCGGCTAATATCGCCCATGGAGGTTCTTCTGTAGATTTTGCTATCTTTTCATTACACTTAGCTGGTATTTCTTCTATTTTAGGTGCAGTTAATTTTATTACTACTGTCATTAACATGCGTAGCCCGGGTATAACTTTAGATCGTGTTCCTTTATTTGTATGATCTGTGGTAATTACAGCTGTTCTTTTATTACTTTCCCTCCCAGTTTTAGCGGGTGCGATTACAATATTATTAACGGATCGTAATTTAAATACATCTTTCTTCGACCCGGCTGGGGGTGGGGATCCTATTTTATACCAGCATTTATTT,44.296,-78.452
Ephemeroptera,NA,NA,NA,COI-5P,AACTTTATACTTTATTTTTGGAGCCTGATCTGGGATGGTAGGAACCTCATTGAGACTTTTAATTCGGGCTGAATTAGGTCACCCTGGATCCTTAATTGGTGATGACCAAATTTATAACGTAATCGTTACTGCTCATGCTTTCATTATAATTTTCTTTATAGTTATACCAATCATGATCGGTGGCTTTGGGAACTGATTAGTCCCCCTAATACTTGGGGCCCCTGATATAGCTTTCCCCCGCATAAACAATATAAGCTTTTGGTTATTACCCCCTGCCCTTACCCTCTTATTAACTAGCAGCCTAGTGGAAAACGGGGCTGGTACTGGTTGAACGGTTTACCCGCCGCTTGCCGCGGGAATTGCCCATGCCGGTGCCTCTGTAGATTTGGCTATTTTTTCACTTCACTTGGCAGGTATCTCATCTATTCTAGGTGCAGTAAACTTCATTACTACTACAATTAATATGCGAGCTAGAGGAATAACTATAGACCGAATCCCATTATTTGTTTGGTCAGTGGTGATTACTGCTGTCTTGTTACTTCTATCTTTACCTGTTCTGGCTGGGGCCATTACAATACTGTTAACAGATCGTAACTTAAATACCTCGTTTTTTGACCCTGCGGGTGGGGGAGACCCCATCCTTTACCAACATTTATTT,34.649,45.387
Ephemeroptera,Ephemerellidae,Ephemerella,Ephemerella dorothea,COI-5P,AACTTTATATTTTATTTTTGGGGCTTGGTCTGGCATAATTGGGACTTCATTAAGTCTTCTTATCCGAGCAGAGTTAGGGCAGCCTGGGTCCCTTATTGGAGATGACCAAATCTATAATGTTATCGTAACTGCTCACGCCTTTATTATAATCTTCTTCATAGTAATGCCCATTATAATTGGAGGGTTTGGAAATTGACTAGTTCCTCTCATGCTTGGAGCCCCTGATATAGCTTTCCCCCGTATAAATAACATGAGCTTTTGGCTTTTGCCTCCTGCTTTAACACTCCTATTAGCTAGCAGCATAGTAGAAAGAGGGGCGGGGACAGGTTGAACAGTTTACCCTCCACTAGCTTCCGGAATTGCTCATGCTGGGGGATCAGTAGATCTTGCCATTTTCTCACTTCACTTAGCAGGAGTTTCTTCTATTCTAGGGGCTGTAAATTTTATTACCACAACCATTAATATACGTGCAAGCGGTATATCTATAGACCGAATTCCGCTTTTTGTGTGGTCAGTACTAATTACAGCTATTTTGCTCTTGCTTTCTCTCCCAGTTTTAGCGGGAGCCATCACCATGCTCCTCACTGACCGTAACCTTAATACATCCTTCTTTGACCCTGCTGGTGGGGGAGATCCCATTCTCTATCAACATCTATTT,46.807,-60.732
Ephemeroptera,Leptohyphidae,Tricorythodes,Tricorythodes mosegus,COI-5P,AACCCTTTACTTTATTTTTGGAGTTTGATCAGGTATAGTTGGAACAAGACTTAGTCTTTTAATTCGAGCTGAATTAGGGCAGGCAGGCTCACTTATTGGCGATGACCAAATCTACAATGTTATCGTTACTGCACATGCATTTATTATAATTTTCTTTATAGTTATACCAATTATAATCGGGGGATTTGGTAACTGACTCGTACCATTGATATTAAGAGCTCCTGACATAGCTTTCCCACGAATAAATAATATAAGCTTTTGACTTTTACCCCCTGCCCTTACTCTTCTTTTAACAAGAAGTATAGTTGAAGCAGGAGCTGGTACAGGTTGAACTGTTTATCCCCCTTTAGCTAGAAATATTGCTCACGCCGGGGCCTCAGTTGATTTGGCCATTTTTTCTCTTCATCTCGCTGGAATTTCTTCAATTTTAGGAGCCATTAATTTTATTACAACTATTATTAATATACGAGCCCCAGGCATAACCTTTGATCGCATTCCGTTATTTGTTTGATCCGTAGGAATCACAGCTTTACTTTTACTATTATCCCTACCCGTATTAGCAGGTGCTATTACTATATTATTAACAGATCGTAATTTAAACACTTC,54.642,-122.742
Ephemeroptera,Baetidae,Baetis,Baetis phoebus,COI-5P,TACTCTCTACTTTATTTTTGGTGCTTGATCAGGAATAGTAGGAACGTCTTTAAGTTTATTAATTCGTGCGGAGCTAGGTAATCCTGGTTCATTAATTGGTGATGATCAAATTTATAATGTAATTGTAACTGCTCACGCATTTATTATGATTTTTTTTATAGTGATACCTATTATGATTGGAGGATTTGGGAATTGACTCGTTCCTTTAATATTAGGTGCTCCTGATATGGCTTTTCCACGTATAAATAATATAAGATTTTGACTTTTACCCCCTTCTCTAACTCTTTTAGTATCTAGTAGTGTAGTAGATGTTGGTGCTGGGACAGGATGAACTGTTTACCCTCCCCTGGCTGCTAATATCGCTCATGGGGGTTCTTCCGTTGACTTTGCCATTTTTTCTTTACATCTAGCCGGTGTATCTTCAATTTTAGGTGCTGTTAATTTTATTACTACTGTTGTAAATATGCGTAGCCCTGGGATGACCTTAGACCGAATGCCACTGTTTGTTTGGTCAGTTGTCATCACAGCTATTTTATTACTACTATCCCTACCTGTTCTTGCCGGTGCAATTACAATACTGCTTACAGATCGAAATTTAAATACTTCATTCTTTGATCCCGCAGGAGGAGGTGATCCTATTTTATACCAGCACTTATTC,58.663,-94.167
Ephemeroptera,Heptageniidae,Epeorus,Epeorus longimanus B BG,COI-5P,AACTTTATATTTTATTTTTGGTGCTTGGTCAGGTATAGTAGGAACCTCCCTTAGATTACTTATTCGTGCTGAACTTGGTCAGCCTGGTTCATTAATTGGGGACGATCAAATTTATAACGTCATCGTCACTGCTCATGCTTTTATTATAATTTTCTTTATAGTAATACCTATTATAATCGGAGGGTTTGGTAATTGACTCGTGCCCTTAATGCTAGGGGCACCAGATATGGCATTCCCACGAATGAATAATATAAGTTTCTGACTATTACCCCCTGCTTTAACTCTTCTTCTCGCTAGTAGTATAGTAGAAAGTGGAGCTGGGACTGGATGGACCGTCTACCCACCACTTTCCGCTGGGATCGCCCATGCCGGAGCATCTGTCGATCTCGCCATTTTTTCATTACATTTAGCAGGAATTTCCTCAATCCTAGGAGCCGTAAATTTTATTACAACCACTATCAATATACGCTCGACAGGGATAACATTAGACCGAACACCTCTTTTTGTCTGGTCTGTTTTAATTACCGCAATTCTGCTTCTACTCTCCTTACCTGTCCTTGCAGGAGCTATTACAATACTTTTAACTGACCGTAACTTAAATACCTCATTCTTTGACCCAGCTGGAGGGGGAGACCCAATTTTATACCAAC--------,40.919,-105.498
Ephemeroptera,Baetidae,Baetis,Baetis rhodani,COI-5P,TACCCTGTATTTTATTTTTGGAGCTTGGGCTGGTATAGTAGGAACTTCTTTAAGACTCTTAATTCGGGCAGAGTTGGGTAACCCCGGTTCATTAATTGGTGACGACCAAATTTATAACGTAATTGTAACCGCCCACGCTTTTATTATGATTTTTTTTATAGTGATACCTATTATAATTGGGGGTTTTGGCAATTGGTTGGTTCCTTTAATGCTGGGTGCCCCAGACATGGCTTTTCCTCGTATAAATAATATAAGTTTCTGGTTATTGCCACCTTCTTTGACACTCTTAGTATCAAGAAGAATCGTTGATGTAGGTGCAGGTACTGGTTGAACTGTTTATCCTCCTCTCGCCGCTAATATCGCTCACGGGGGCTCTTCAGTAGATTTCGCAATTTTTTCTTTGCACTTGGCTGGCGTATCTTCTATTTTAGGTGCAGTTAATTTCATTACAACAGTTGTTAATATGCGTAGCCCTGGTATAACTTTGGATCGGATGCCGTTATTTGTGTGGTCTGTGGTCATTACAGCCGTTTTGTTGCTTCTGTCTCTCCCTGTTCTAGCTGGCGCAATTACAATATTACTTACTGACCGTAATTTAAATACTTCATTTTTTGATCCTGCAGGGGGTGGGGATCCTATTTTATACCAACACTTATTT,50.8,7.32
Ephemeroptera,Heptageniidae,Maccaffertium,Maccaffertium vicarium,COI-5P,TCTTTGGGGCCTGATCAGGAATAGTAGGAACTTCTCTAAGTTTACTCATCCGGGCTGAATTAGGTCAACCAGGATCCCTAATTGGTGATGATCAAATCTATAACGTTATTGTAACGGCTCATGCTTTCATTATGATTTTCTTCATGGTTATGCCTATTATGATTGGAGGATTTGGTAATTGATTAGTCCCTTTGATGTTAGGAGCGCCTGATATGGCCTTCCCACGAATGAATAATATGAGTTTCTGACTTCTTCCACCGGCCTTAACACTACTACTGGCTAGAAGTATAGTAGAAAGAGGAGCTGGTACAGGATGGACAGTCTACCCTCCCCTATCGGCAGGGATTGCCCACGCAGGTGCCTCAGTAGATTTAGCTATTTTCTCTCTTCATTTAGCAGGGGTATCTTCCATTTTAGGGGCAGTAAACTTTATTACAACAACTATTAACATGCGTTCAACAGGAATAACTATAGATCGAATCCCTCTTTTTGTTTGATCAGTTCTAATTACTGCCATTCTTCTTCTACTTTCATTACCTGTATTGGCAGGGGCTATTACAATACTTTTAACTGATCGAAATCTTAATACATCCTTCTTTGATCCTGCAGGAGGTGGAGATCCT-,39.61,-77.416
Ephemeroptera,Ephemerellidae,Ephemerella,Ephemerella invaria,COI-5P,TACCTATTATAATTGGAGGGTTTGGGAACTGGCTAGTACCCCTTATACTTGGAGCCCCCGATATAGCTTTCCCCCGTATAAATAATATAAGTTTTTGGCTATTGCCTCCTGCCTTAACGCTCCTATTAGCAAGAAGTATAGTAGAAAGAGGGGCGGGTACTGGTTGGACAGTCTACCCTCCCTTGGCCTCCGGGATTGCTCACGCTGGAGGCTCCGTAGATCTCGCTATTTTCTCGCTTCACCTAGCTGGAGTTTCTTCTATTCTAGGGGCGGTAAACTTTATTACTACAACTATTAACATACGTGCAAGCGGAATATCTATAGACCGAATCCCACTTTTCGTGTGGTCAGTACTAATTACAGCTATCTTACTTTTACTTTCTCTCCCAGTTTTAGCAGGAGCCATTACTATACTTCTCAC-,39.481,-76.698
Ephemeroptera,Baetidae,Baetis,Baetis adonis,COI-5P,TACTTTATATTTTATTTTCGGTGCTTGGGCGGGTATGGTTGGGACTTCCCTTAGACTATTAATTCGTGCTGAGTTGGGTAATCCTGGTTCTTTAATTGGTGACGACCAAATTTATAACGNTATTGTGACGGCGCATGCGTTTATTATGATTTTTTTTATAGTGATACCAATTATAATCGGTGGATTTGGTAATTGGCTGGTTCCCCTTATGTTAGGTGCCCCTGATATGGCTTTCCCACGAATAAATAATATAAGATTTTGGTTGTTACCCCCGTCTTTAACTTTGCTGATTTCTAGTAGAATTGTGGATGTAGGGGCTGGCACTGGTTGGACGGTTTACCCCCCATTAGCTGCTAATATCGCCCACGGTGGTTCGTCAGTTGACTTTGCTATTTTCTCATTACATTTAGCTGGGGTTTCTTCTATTTTAGGTGCAGTTAACTTCATTACAACTGTCGTTAATATGCGCAGCCCGGGTATAACTTTAGACCGCATACCATTATTTGTCTGGTCTGTAGTAATTACAGCTGTGTTATTATTACTATCTTTACCAGTCTTAGCTGGGGCAATCACCATACTGTTAACTGATCGTAATCTGAATACTTCATTTTTTGATCCGGCTGGTGGGGGTGATCCTATTTTGTACCAACACTTATTT,34.274,-118.315
Ephemeroptera,Baetidae,Baetis,Baetis adonis,COI-5P,TACTTTATATTTTATTTTCGGTGCTTGGGCGGGTATGGTGGGGACTTCCCTTAGACTATTAATTCGTGCTGAGTTGGGTAATCCTGGTTCTTTAATTGGTGACGACCAAATTTATAACGTTATTGTGACGGCGCATGCGTTTATTATGATTTTTTTTATAGTGATACCAATTATAATCGGTGGATTTGGTAATTGGCTGGTTCCCCTTATGTTAGGTGCCCCTGATATGGCTTTCCCACGAATAAATAATATAAGATTTTGGTTGTTACCCCCGTCTTTAACTTTGCTGATTTCTAGTAGAATTGTGGATGTAGGGGCTGGCACTGGTTGGACGGTTTACCCCCCATTAGCTGCTAATATCGCCCACGGTGGTTCGTCAGTTGACTTTGCTATTTTCTCATTACATTTAGCTGGGGTTTCTTCTATTTTAGGTGCAGTTAACTTCATTACAACTGTCGTTAATATGCGCAGCCCGGGTATAACTTTAGACCGCATACCATTATTTGTCTGGTCTGTAGTAATTACAGCTGTGTTATTATTACTATCTTTACCAGTCTTAGCTGGGGCAATCACCATACTGTTAACTGATCGTAATCTGAATACTTCATTTTTTGATCCGGCTGGTGGGGGTGATCCTATTTTGTACCAACACTTATTT,34.205,-118.166
Ephemeroptera,Baetidae,Baetis,Baetis brunneicolor,COI-5P,TACGTTATATTTTATTTTCGGTGCCTGATCGGGTATGGTAGGAACGTCTCTAAGTCTACTTATTCGGGCAGAGCTAGGAAATCCAGGGTCTCTTATTGGTGATGACCAGATTTATAATGTGATTGTAACTGCTCACGCCTTTATTATGATTTTTTTTATAGTGATACCAATTATAATTGGGGGGTTTGGTAATTGACTTGTACCGCTTATGTTAGGGGCTCCTGATATGGCTTTTCCTCGTATAAATAATATGAGTTTCTGGTTATTGCCACCCTCATTGACTTTACTTGTGTCAAGCAGAGTCGTTGATGTCGGGGCTGGTACGGGTTGAACTGTGTATCCTCCTTTAGCTGCTAACATTGCTCATGGGGGGTCCTCAGTAGATTTCGCTATTTTTTCTTTACATTTAGCTGGGGTTTCATCTATTTTAGGGGCAGTCAATTTTATCACAACTGTCGTTAATATGCGTAGCCCAGGTATAACCTTGGATCGGATACCCTTATTTGTGTGGTCAGTTGTAATTACTGCTATCTTGTTGTTGTTATCTTTACCCGTTTTAGCAGGTGCGATCACTATACTTCTTACGGATCGTAATTTAAATACATCATTTTTTGACCCGGCAGGTGGTGGAGACCCAATTTTATACCAGCATCTATTT,58.761,-93.952
Ephemeroptera,Baetidae,Callibaetis,Callibaetis fluctuans,COI-5P,TACCCTTTATTTCATTTTTGGTGCTTGGGCGGGTATAGTAGGTACCTCTTTGAGTTTATTGATTCGGGCTGAATTAGGAAATCCTGGCTCTCTTATTGGGGACGACCAAATTTACAATGTAATTGTTACAGCCCATGCTTTTATTATAATTTTTTTCATGGTGATACCTATTATAATTGGGGGCTTTGGTAATTGATTGGTGCCTTTAATGTTGGGTGCACCTGATATAGCCTTTCCCCGAATAAATAATATAAGTTTTTGAATATTACCCCCTTCCTTGGCTTTGTTAGTGTCAAGAAGTTTAGTTGATGTAGGGGCGGGTACCGGATGAACTGTGTATCCCCCGTTAGCGGCTAATATTGCTCATGGGGGCTCTTCAGTGGATTTTGCTATTTTCTCTTTACATTTGGCGGGTATTTCTTCTATTTTAGGGGCTGTTAATTTTATTACTACTGTTATTAATATGCGTAGCCCAGGCATAACCTTGGATCGCGTTCCCTTATTTGTTTGGTCTGTCGTTATTACAGCTGTTTTGTTATTACTATCACTTCCAGTTTTAGCTGGTGCTATCACTATATTGTTAACAGATCGAAATTTAAATACTTCCTTCTTTGACCCCGCAGGAGGAGGGGATCCTATTTTATACCAGCATCTATTT,41.606,-76.049
Ephemeroptera,Heptageniidae,Nixe,Nixe rusticalis,COI-5P,NNNNNNCTATTTCATTTTTGGAGCTTGATCCGGAATAGTAGGAACTTCTTTAAGTTTATTGATTCGAGCTGAGCTTGGTCAACCTGGTTCTTTAATTGGAGATGACCAAATTTATAATGTTATTGTAACTGCTCATGCTTTTATTATAATTTTCTTCATGGTTATGCCTATCATGATTGGGGGCTTTGGAAATTGACTTGTACCCCTGATATTAGGAGCCCCAGATATGGCCTTCCCTCGAATGAATAATATAAGCTTCTGACTTCTTCCACCGGCACTTACTCTGCTACTTGCTAGTAGTATAGTTGAAAGAGGAGCTGGGACAGGGTGAACAGTTTACCCTCCTCTCTCGGCCGGTATTGCACATGCTGGGGCATCTGTAGATTTAGCCATTTTTTCGCTTCATTTAGCAGGAGTTTCTTCTATTTTAGGAGCTGTTAACTTTATTACTACAACTATCAATATACGCTCAAGAGGTATAACAATAGACCGAATTCCCTTGTTTGTGTGATCTGTTTTAATCACTGCTATTTTGCTTTTATTATCCCTCCCAGTACTAGCAGGAGCTATTACTATACTTCTCACAGATCGTAATCTCAATACTTCTTTCTTTGATCCAGCAGGAGGAGGAGACCCGATTCTCTACCAACATCTATTT,46.953,-65.871
Ephemeroptera,Baetidae,Baetodes,NA,COI-5P,GGAGCTTGAGCAGGTATAGTGGGTACTTCACTAAGTCTATTAATTCGAGCGGAGCTAGGTAACCCAGGGTCACTTATTGGGGATGACCAGATTTATAATGTTATTGTTACTGCTCATGCTTTTATTATGATTTTCTTTATGGTAATGCCAATTATAATTGGCGGTTTTGGAAATTGATTGGTTCCTCTAATGTTAGGGGCTCCTGATATAGCTTTCCCACGAATGAATAATATAAGTTTCTGAATGCTACCCCCTTCGCTAACATTGTTAGTCTCAAGAAGATTGGTAGATGTTGGGGCGGGGACTGGTTGGACAGTTTATCCTCCTTTGGCTGCTAATATCGCTCATGGAGGGTCCTCTGTAGATTTCGCTATTTTTTCTTTACACTTGGCAGGTATTTCGTCAATTTTGGGGGCAGTTAATTTTATTACAACAGTGGTAAATATGCGTAGCCCGGGTATAACTTTAGATCGAATTCCTCTGTTTGTTTGGTCAGTGGTAATTACTGCGGTTTTATTGTTATTGTCGTTACCTGTTCTTGCTGGAGCTATTACAATATTATTAACAGATCGAAATCTAAATACCTCATTCTTT,-0.44924,-77.943
Ephemeroptera,Baetidae,Baetis,Baetis tricaudatus D BG,COI-5P,---------TTTTATTTTCGGTGCTTGATCTGGTATGGTGGGTACTTCCCTTAGATTATTAATTCGTGCTGAGCTGGGTAACCCGGGCTCTTTAATTGGTGATGACCAAATTTATAACGTTATTGTAACGGCTCATGCTTTTATTATAATTTTTTTTATAGTGATACCTATTATAATTGGTGGGTTCGGGAATTGGTTGGTACCTCTTATGCTAGGTGCACCCGACATGGCTTTCCCACGAATAAATAATATGAGCTTTTGGCTGCTGCCCCCATCTTTAACTCTATTGATTTCTAGTAGTATTGTAGACGTTGGTGCTGGTACTGGTTGGACGGTTTACCCCCCGTTAGCGGCTAATATCGCCCATGGTGGTTCATCGGTTGATTTTGCTATCTTCTCTCTGCACTTGGCGGGTGTTTCTTCTATTTTAGGGGCAGTTAACTTCATTACTACCGTTGTTAATATACGCAGTCCTGGTATAACCTTAGACCGTATACCTTTATTTGTTTGGTCTGTTGTGATCACGGCGGTGTTATTGTTGTTATCTTTACCAGTTTTAGCAGGTGCCATTACTATACTGTTAACTGATCGTAATTTAAATACTTCTTTTTTTGACCCGGCTGGTGGGGGTGATCCTATTTTATACCAACACTTATTT,40.375,-105.227
Ephemeroptera,Heptageniidae,Heptagenia,Heptagenia longicauda,COI-5P,GGTGCTTGATCCGGTATAGTTGGTACTTCTCTTAGTTTGTTAATTCGAGCTGAATTAGGACAACCCGGTTCTCTTATTGGAGATGATCAAATCTATAATGTGATTGTTACAGCTCATGCTTTTATTATGATTTTCTTTATGGTCATGCCTATTATAATTGGGGGGTTTGGTAATTGACTTGTCCCTTTAATGTTGGGTGCCCCAGATATAGCTTTCCCCCGAATAAATAATATGAGTTTCTGATTATTGCCTCCTGCTTTAACTTTGCTTCTGTCTAGAAGTATAGTTGAGAGCGGTGCAGGTACAGGATGGACGGTTTATCCTCCTCTTTCCGCAGGTATTGCCCATGCTGGAGCTTCAGTAGATTTAGCTATTTTTTCACTTCATCTGGCAGGGGTTTCTTCTATTCTCGGAGCAGTAAATTTTATTACCACAACTATTAATATACGATCTACGGGAATAACGATAGATCGAATTCCTTTGTTTGTTTGATCTGTATTAATTACAGCCATTTTATTGTTATTATCCCTCCCAGTTCTTGCCGGAGCAATTACAATACTTTTAACTGATCGAAATTTAAACACATCTTTCTTTGATCCTGCTGGTGGAGG,42.368,11.989
Ephemeroptera,Heptageniidae,Afronurus,Afronurus kumbakkaraiensis,COI-5P,ACTTCTTTAAGTTTACTTATTCGAGCCGAATTAGGACAACCCGGATCATTAATTGGAGACGATCAAATTTATAATGTAATTGTTACTGCTCATGCTTTCATTATGATTTTCTTTATGGTTATACCCATTATAATTGGGGGATTTGGGAATTGATTAGTGCCTTTAATATTGGGGGCTCCTGATATAGCTTTCCCCCGTATAAATAACATAAGTTTCTGACTTCTTCCCCCAGCTCTAACCCTTTTATTGTCTAGTAGTATAGTGGAGAGTGGGGCAGGGACGGGATGAACAGTTTACCCTCCCCTTTCAGCAGGAATCGCTCATGCTGGGGCTTCCGTCGATCTCGCCATCTTTTCACTTCATTTGGCAGGAGTAAGTTCTATTTTAGGAGCTGTAAATTTCATTACAACAACCATTAATATACGATCTAGAGGTATAACTATAGACCGGATTCCTTTATTTGTTTGATCTGTACTTATCACAGCCATTCTACTTCTCCTATCCCTTCCCGTTCTAGCCGGAGCCATCACTATACTTTTAACTGACCGAAACTTAAATACCTCATTCTTCGATCCTGCTGGAGGAGGAGACCCCATTCTTTACCAACACCTATTTTGATTTTTTGGTCACCCTGGAAGTT,9.0796,77.2319
Ephemeroptera,Heptageniidae,Heptagenia,Heptagenia sulphurea,COI-5P,ACTTTATACTTCATTTTTGGGGCTTGATCTGGTATAGTAGGGACATCTCTTAGTCTACTAATTCGAGCTGAATTAGGACAACCAGGATCCCTTATTGGAGACGACCAAATTTACAATGTAATTGTCACAGCCCATGCCTTTATTATAATTTTCTTCATGGTTATGCCCATTATAATTGGAGGATTTGGTAATTGATTAGTCCCTTTGATGTTAGGAGCACCGGATATAGCTTTCCCTCGAATAAATAATATGAGTTTCTGATTATTACCTCCTGCTTTAACCTTACTTCTGGCTAGAAGTATAGTTGAAAGCGGAGCAGGTACAGGTTGGACAGTTTACCCTCCTCTTTCTGCAGGTATTGCCCATGCGGGAGCTTCAGTAGATTTAGCTATTTTTTCGCTTCATTTGGCTGGGGTGTCTTCTATTCTAGGGGCAGTAAACTTTATTACTACAACTATTAATATACGATCTACTGGAATA------------------------------------------------------------------------------------------------------------------------------------------------------,63.405,10.383
Ephemeroptera,Baetidae,Baetis,Baetis liebenauae,COI-5P,TACGTTGTATTTTATTTTCGGTGCCTGGTCGGGGATAGTGGGTACATCTTTAAGTCTACTTATTCGTGCTGAGCTCGGTAATCCAGGGTCTCTCATTGGTGATGACCAAATTTATAACGTTATCGTAACTGCTCATGCATTTATTATAATTTTTTTTATAGTGATACCAATTATAATTGGTGGGTTTGGAAATTGATTGGTACCTCTTATATTAGGTGCACCTGACATGGCTTTCCCTCGAATAAACAATATAAGTTTTTGACTCTTACCACCTTCTTTAACTTTATTAGTGTCGAGTAGAGTAGTAGATGTAGGAGCAGGGACTGGGTGAACTGTTTACCCTCCCTTAGCTGCTAATATCGCCCACGGAGGGTCTTCAGTAGACTTCGCTATTTTTTCTTTACATTTGGCTGGGGTTTCATCAATTTTAGGGGCAGTAAATTTTATTACAACAGTAGTTAATATACGGAGTCCGGGTATGACCCTAGATCGCATACCTTTATTTGTCTGGTCAGTGGTGATTACTGCTGTCTTGCTTTTATTGTCATTACCTGTTTTAGCAGGGGCAATTACTATGTTGTTGACTGATCGAAATCTAAACACTTCATTTTTTGACCCGGCGGGTGGAGGGGATCCAATTTTATACCAACATTTATTT,50.659,9.629
Ephemeroptera,Baetidae,Cloeon,Cloeon bicolor,COI-5P,TTCTTTGAGACTATAATTCGAGCTGAATTAGGTAGCCCAGGTTCTTTGATTGGTGATGATCAAATTTACAATGTAATTGTTACAGCCCATGCATTTATTATAATTTTCTTTATAGTAATGCCTATTATAATTGGAGGTTTCGGTAACTGGTTAGTACCTTTAATGTTGGGAGCGCCAGATATGGCTTTTCCTCGAATAAATAACATGAGATTTTGGTTATTACCACCATCTTTAACTTTACTTGTGTCTAGTAGATTAGTAGATATGGGTGCGGGTACTGGTTGAACTGTATACCCTCCTCTAGCGGCCAATATTGCTCATGGTGGGTCTTCAGTTGATTTTGCAATTTTTTCTTTGCATCTTGCTGGGGTGTCGTCTATTTTAGGTGCAGTAAATTTTATTACTACTGTTATTAATATGCGAAGACCTGGAATAACGCTTGATCGAATTCCTTTATTTGTTTGGTCAGTAGTAATTACAGCTGTTTTATTATTTATTATCATTACCTGTTCTTGCTGGGGCCATTACTATGTTATTAACTGATCGA,8.77,77.41
Ephemeroptera,Ephemerellidae,Ephemerella,NA,COI-5P,CTTTATATTTTATTTTTGGAGCTTGATCCGGCATAATTGGGACTTCTTTGAGTCTCCTTATCCGGGCAGAACTAGGACAACCTGGATCCCTTATTGGAGACGATCAAATCTATAATGTTATCGTTACTGCCCACGCCTTTATTATGATTTTCTTCATAGTAATACCTATTATAATTGGGGGATTTGGGAATTGGCTAGTTCCCCTCATGTTAGGAGCTCCTGATATGGCTTTCCCTCGTATAAATAATATAAGCTTTTGGCTTTTACCTCCTGCCTTAACACTCCTCTTAGCCAGCAGCATAGTAGAAAGCGGGGCCGGTACAGGTTGAACAGTTTACCCTCCACTAGCCTCCGGAATCGCCCATGCTGGAGGATCTGTAGACCTCGCCATTTTCTCCCTTCATTTAGCTGGGGTTTCTTCTATTCTAGGAGCTGTAAATTTTATTACCACAACTATTAATATGCGTGCAAGCGGTATATCCATGGATCGTATTCCCCTTTTCGTGTGGTCAGTATTAATCACAGCTATTTTACTCTTGCTTTCTCTCCCAGTTTTAGCAGGAGCTATTACTATACTC,39.558,-78.9084
Ephemeroptera,Leptophlebiidae,Ulmerophlebia,NA,COI-5P,-----------------------------------------------------------TAATTCGGGCGGAACTGGGGCAACCCGGCTCTTTAATCGGAGATGACCAAATTTATAACGTTATCGTTACAGCCCATGCTTTTATTATAATTTTCTTTATGGTTATACCAATTATAATCGGAGGGTTTGGTAATTGGCTAGTCCCTTTAATGTTAGGAGCCCCTGACATGGCCTTTCCACGTATAAATAATATAAGCTTTTGGCTCCTNCCTCCTTCTCTCACTCTCTTATTAGCTAGCAGCATAGTAGAAAGAGGGGCTGGCACTGGTTGAACAGTTTACCCACCACTATCAGCGGGTATCGCTCATGCTGGGGCATCTGTCGATTTAGCTATTTTCTCCTTACACCTAGCCGGGGTATCTTCTATTTTAGGTGCAGTTAATTTCATCACAACCACTATCAATATACGAACAAGTGGTATAACTATAGACCGCATCCCTTTATTTGTTTGATCTGTAGTTATCACCGCTATTCTTTTATTATTATCATTACCAGTACTCGCTGGTGCTATTACAATACTTCTCACTGATCGAAACCTAAATACTTCTTTCTTCGACCCGGCAGGAGGGGGTGACCCTATTCTTTATCAACATTTATTT,-33.147,151.258
Ephemeroptera,Heptageniidae,Epeorus,Epeorus sylvicola,COI-5P,AACTTTATACTTCATCTTTGGAGCGTGATCAGGAATAGTGGGAACTTCTTTAAGCCTACTCATTCGAGCAGAGCTAGGACAACCTGGCTCCCTTATTGGAGATGATCAAATCTATAACGTTATCGTTACCGCCCATGCTTTTATTATAATTTTCTTTATAGTTATACCAATTATGATTGGAGGGTTTGGTAATTGACTTGTCCCTCTCATACTAGGTGCCCCTGATATAGCCTTCCCCCGAATAAACAACATAAGTTTTTGGCTACTTCCCCCTGCTCTTACACTACTACTAGCTAGAAGTATAGTAGAAAGTGGAGCTGGTACAGGGTGGACCGTTTACCCCCCACTTTCCGCAGGAATCGCCCACGCTGGAGCTTCTGTTGATCTAGCTATTTTCTCTCTTCACCTCGCGGGGGTTTCCTCTATTTTAGGGGCAGTAAATTTTATTACCACCACAATTAACATGCGATCTACAGGAATAACAATAGATCGAATTCCCCTTTTTGTTTGGTCGGTGCTAATCACAGCCATTCTTCTTCTACTTTCTCTGCCCGTTTTAGCGGGAGCCATTACGATACTACTCACTGACCGAAACCTTAACACCTCTTTCTTTGACCCGGCTGGAGGGGGAGACCCTATTCTTTACCAACACTTATTC,42.534,23.5253
Ephemeroptera,NA,NA,NA,COI-5P,AACTTTATATTTTATTTTCGGTGCGTGGGCAGGAATAGTTGGAACCTCATTAAGTCTACTTATTCGGGCTGAATTAGGCCAACCAGGATCTTTAATTGGAGATGACCAAATTTATAATGTTATTGTAACCGCCCATGCCTTTATTATAATTTTCTTTATAGTAATACCCATTATGATTGGGGGTTTTGGTAATTGACTTGTACCCCTAATACTAGGAGCACCTGATATAGCTTTCCCACGAATAAATAACATGAGATTTTGATTGCTCCCACCTGCTTTAACCTTATTATTAGCTAGCAGCATAGTTGAAAGAGGTGCAGGTACCGGGTGAACAGTTTATCCTCCCCTTTCAGCAGGAATTGCACATGCAGGGGCTTCAGTAGACCTCGCTATTTTCTCTCTACATTTAGCAGGAGTTTCCTCTATTCTAGGAGCAGTAAATTTTATTACAACAACCATTAATATGCGTACAAGTGGTATAACCCTAGATCGAATTCCTTTATTTGTTTGGTCTGTGGTAATTACAGCAGTATTGTTGNTTCTTTCCCTTCCTGTGTTGGCAGGAGCCATCACAATACTACTAACCGATCGTAATTTAAATACCTCATTTTTTGACCCAGCTGGAGGGGGTGATCCCATTTTGTATCAACATCTTTTT,36.139,-79.17
Ephemeroptera,Leptohyphidae,Tricorythodes,Tricorythodes mosegus,COI-5P,--------------------------------------------------------------------------------------------TTATTGGGGATGACCAAATCTACAATGTTATCGTTACTGCTCATGCATTTATTATAATTTTCTTTATAGTTATACCAATTATAATCGGGGGGTTTGGTAACTGACTNGTACCATTGATATTAAGAGCTCCTGACATAGCTTTCCCACGAATAAATAATATAAGCTTTTGACTTTTACCCCCTGCCCTTACTCTTCTTTTAACAAGAAGTATAGTTGAAGCAGGAGCTGGTACAGGTTGAACTGTTTATCCCCCTTTAGCTAGAAATATTGCTCACGCCGGGGCCTCAGTTGATTTGGCCATTTTTTCTCTTCATCTCGCTGGAATTTCTTCAATTTTAGGAGCCATTAATTTTATCACAACTATTATTAATATACGAGCCCCAGGCATAACCTTTGATCGNATTCCGTTATTTGTTTGATCTGTAGGAATCACAGCTTTACTTTTACTATTATCCCTACCCGTATTAGCAGGTGCTATTACNATATTATTAACGGATCGTAATTTAAACACTTC----------------------------------------------------,58.6632,-94.1679
Ephemeroptera,Siphlonuridae,Siphlonurus,Siphlonurus alternatus,COI-5P,AACTTTATATTTTATTTTCGGTGCTTGGGCCGGAATAGTTGGAACTTCTTTAAGTTTATTAATTCGTGCTGAACTTGGTCAACCTGGTTCTTTAATTGGGGATGATCAAATTTATAATGTAATCGTAACTGCTCATGCATTTGTAATGATTTTCTTTATAGTAATACCTATCATAATTGGAGGATTTGGTAATTGATTAGTTCCTTTAATATTAGGTGCACCCGATATAGCTTTCCCTCGAATAAATAATATAAGTTTTTGACTTCTTCCTCCTGCTCTAACTCTTTTACTTGCTAGTAGTATAGTTGAAAGTGGAGCTGGAACTGGTTGAACGGTTTACCCACCACTTTCTGCAGGTATTGCCCACGCTGGTGCATCTGTAGATTTAGCAATTTTCTCCCTTCATTTAGCTGGGGTTTCTTCTATTCTAGGAGCAGTAAATTTTATTACTACAACAATTAATATACGTTCAAGTGGTATAACTATAGACCGAATTCCTCTTTTCGTTTGATCAGTAGTTATTACAGCAATTCTTCTACTTCTTTCCTTACCTGTCCTAGCAGGAGCTATTACAATATTACTCACAGACCGTAATTTAAATACTTCCTTCTTTGACCCTGCAGGAGGAGGAGACCCTATTCTTTACCAACATTTATTT,58.76,-93.9521
Ephemeroptera,Heptageniidae,Leucrocuta,Leucrocuta hebe,COI-5P,TACCCTTTATTTTATCTTTGGGGCATGGGCAGGTATAGTAGGAACCTCCCTAAGTTTACTAATTCGAGCTGAACTAGGACAACCCGGGTCTTTGATTGGGGATGACCAAATTTACAATGTTATTGTTACCGCTCACGCCTTTATTATAATTTTCTTCATAGTAATACCAATTATAATTGGAGGATTTGGGAATTGATTAGTCCCTTTAATATTAGGAGCACCGGATATGGCCTTTCCTCGTATAAATAATATAAGTTTCTGATTACTTCCCCCGGCCCTTACCTTACTACTGGCTAGCAGTATAGTTGAAAGTGGTGCTGGTACTGGTTGGACCGTTTACCCCCCACTTTCCGCGGGTATTGCCCATGCGGGAGCCTCAGTTGATTTAGCTATTTTTTCTTTACACTTAGCAGGGGTATCTTCGATTTTAGGGGCAGTAAATTTTATTACCACAACAATTAATATACGATCAAGAGGTATAACTATAGACCGAATCCCATTGTTTGTTTGATCAGTTTTAATTACAGCAATTCTTCTATTACTCTCACTACCTGTTCTTGCTGGAGCCATTACTATACTTTTAACCGATCGAAATCTAAATACTTCATTCTTTGACCCTGCAGGTGGAGGAGACCCGATCCTCTACCAACATTTATTC,46.971,-65.853
Ephemeroptera,Baetidae,Baetis,Baetis tricaudatus B BG,COI-5P,TACTCTGTATTTCATTTTTGGGGCTTGGTCGGGCATGGTGGGGACTTCTCTTAGTTTGCTAATTCGGGCTGAGTTGGGTAACCCTGGTTCACTTATTGGGGATGACCAAATTTACAACGTTATTGTTACTGCTCACGCGTTTATTATAATCTTTTTTATAGTGATACCAATTATAATTGGGGGATTTGGTAATTGGCTTGTACCCCTTATGTTAGGTGCCCCAGACATGGCTTTCCCTCGTATAAATAATATAAGTTTTTGGTTGTTGCCCCCGTCTTTAACACTTTTGGTCTCGAGTAGAATTGTAGATGTAGGTGCGGGTACTGGTTGAACAGTCTATCCACCTCTAGCAGCTAATATCGCCCACGGCGGGTCTTCTGTAGATTTCGCTATTTTTTCATTGCATCTAGCGGGTGTTTCTTCTATTTTAGGTGCTGTTAATTTTATTACAACTGTGGTTAATATACGTAGCCCTGGTATAACCTTGGATCGAATACCCCTATTCGTATGGTCTGTGGTAATTACAGCGGTGTTACTTTTGTTATCATTACCAGTTTTAGCAGGGGCTATCACTATACTTTTAACTGACCGTAATCTAAACACTTCATTCTTCGACCCGGCGGGAGGTGGGGATCCTATTT-----------------,40.155,-105.466
Ephemeroptera,Ephemerellidae,Ephemerella,Ephemerella tibialis,COI-5P,AACTTTATATTTTATTTTTGGAGCTTGAGCAGGAATAGTGGGTACTTCTTTAAGTTTACTGATCCGTGCTGAATTAGGACAACCAGGATCCTTAATTGGAGACGATCAAATTTATAATGTAATTGTAACAGCTCATGCTTTTATTATAATTTTCTTTATAGTTATACCTATTATAATTGGAGGTTTTGGTAATTGGTTGGTTCCTTTAATATTAGGAGCTCCAGATATAGCTTTCCCTCGTATAAACAATATAAGATTTTGACTTTTGCCTCCAGCTTTAACTTTATTACTTGCTAGTAGAATAGTAGAAAGAGGAGCAGGAACTGGATGAACTGTATACCCACCCTTAGCTTCAGGAATCGCCCATGCTGGAGCTTCGGTAGATTTGGCAATTTTCTCTTTACATTTAGCTGGTGTTTCATCTATTTTAGGTGCTGTGAATTTCATTACTACCACAATTAATATACGTGCAAGAGGAATAACTATAGATCGAATCCCTTTATTTGTTTGATCTGTTTTAATCACTGCTGTCTTGCTTTTACTTTCTTTACCGGTTCTTGCAGGGGCTATTACCATGCTTTTAACAGATCGTAATTTAAATACATCTTTCTTTG--------------------------------------------,40.7,-105.441
Ephemeroptera,Leptophlebiidae,Paraleptophlebia,Paraleptophlebia submarginata,COI-5P,AACACTATATTTTATCTTTGGAGCTTGATCCGGAATAGTAGGAACCTCTTTAAGCTTACTAATCCGAGCTGAACTCGGTCAACCTGGATCTTTAATCGGAGATGACCAAATCTACAACGTAATTGTAACTGCTCACGCCTTTATCATAATCTTCTTTATAGTAATGCCTATCATAATCGGAGGTTTTGGGAACTGACTAGTCCCTCTAATATTGGGGGCCCCTGATATAGCATTCCCACGGATAAATAATATAAGATTCTGGCTCCTCCCCCCAGCTTTAACTCTCTTATTAGCTAGTAGCATAGTCGAAAGCGGGGCGGGAACAGGTTGAACCGTTTACCCTCCTTTGTCCGCAGGAATCGCTCACGCCGGAGCATCTGTAGACCTCGCTATTTTTTCTCTACACTTAGCTGGTGTCTCGTCTATTCTGGGAGCAGTAAATTTTATTACGACTACAATCAATATACGAACAAGAGGAATAACCCTCGACCGAATCCCCCTGTTTGTGTGATCTGTAGTAATCACCGCTATTCTTCTTCTACTATCTCTGCCCGTATTAGCCGGAGCTATCACAATACTCTTAACAGATCGAAACCTTAATACCTCCTTCTTCGACCCAGCGGGGGGTGG----------------------------,48.51,10.39
Ephemeroptera,Leptophlebiidae,Habroleptoides,Habroleptoides confusa,COI-5P,-----------------------------------------------------------TAATCCGTGCAGAACTCGGGCAACCAGGTTCTTTAATCGGAGATGACCAAATTTATAATGTCATTGTAACAGCCCATGCTTTCGTTATAATTTTCTTTATAGTAATGCCTATTATAATTGGTGGGTTTGGTAATTGACTTGTGCCACTCATGCTTGGAGCCCCAGACATGGCATTCCCCCGGATAAACAACATAAGCTTTTGGCTTCTTCCCCCAGCCCTCACTCTATTATTGGCTAGTAGTATAGTTGAAAGAGGGGCCGGAACTGGTTGAACCGTTTACCCTCCTCTTTCAGCGGGAATTGCACATGCCGGGGCTTCTGTCGATCTCGCTATTTTCTCGTTACACTTAGCAGGAGTCTCATCAATCCTGGGAGCAGTAAACTTTATTACCACCACAATTAATATACGAGCTAGTGGTATAACAATAGACCGCATCCCTCTTTTTGTGTGGTCCGTCGTTATTACCGCAGTCCTACTGCTTTTAAGTCTTCCGGTTCTTGCT------------------------------------------------------------------------------------------------,47.637,11.594
Ephemeroptera,Heptageniidae,Electrogena,Electrogena ujhelyii,COI-5P,TACTCTTTATTTCATCTTTGGGGCTTGGTCTGGTATAGTTGGAACCTCACTTAGACTTTTAATTCGGGCTGAATTAGGTCAGCCTGGTTCTCTGATTGGAGATGATCAAATTTACAATGTAATTGTAACAGCTCACGCCTTTATTATAATTTTCTTCATAGTAATGCCTATTATGATTGGGGGTTTTGGTAATTGATTAGTGCCCTTAATGCTTGGGGCCCCAGATATGGCTTTCCCTCGGATAAATAACATAAGTTTCTGGTTGCTCCCTCCCGCCCTGACCTTACTATTAGCTAGTAGTATGGTTGAAAGTGGAGCGGGTACTGGGTGGACTGTTTATCCCCCACTTTCAGCTGGTATTGCTCACGCAGGGGCATCTGTTGATCTCGCAATTTTCTCTCTTCATTTAGCTGGAGTTTCTTCAATCTTAGGAGCAGTAAACTTTATCACTACAACCATTAACATACGATCTAGAGGTATAACTATAGACCGAATTCCTTTGTTCGTATGATCGGTACTCATTACTGCCATTCTTCTTTTGCTTTCCCTCCCCGTTTTAGCTGGAGCTATTACTATACTATTAACCGACCGTAATTTAAACACCTCCTTTTTTGACCCCGCGGGTGGAGGAGACCCTATTTTATACCAGCATCTATTC,49.318,17.639
Ephemeroptera,Baetidae,Baetodes,Baetodes SADR01,COI-5P,TACTCTATATTTTATCTTCGGGGCTTGGGCAGGCATAGTGGGGACTTCCCTAAGTTTATTAATTCGTGCCGAGCTGGGCAACCCTGGGTCTCTAATTGGGGATGATCAGATTTACAATGTAATTGTAACAGCTCATGCATTTATTATAATTTTCTTTATGGTTATACCAATTATAATTGGCGGTTTTGGTAATTGACTTGTCCCGCTTATGCTGGGCGCACCCGATATGGCTTTCCCCCGAATAAATAACATAAGTTTTTGAATGTTACCTCCGTCACTGACCTTGTTAGTGTCAAGAAGTTTGGTAGATGTGGGGGCAGGTACTGGGTGGACAGTTTATCCTCCTCTAGCTGCTAACATTGCCCACGGCGGGTCTTCGGTTGACTTTGCTATTTTCTCACTTCATTTAGCGGGGGTTTCTTCTATTTTAGGAGCTGTAAATTTTATTACTACGGTGATTAATATGCGTAGCCCAGGTATGACATTGGACCGAATTCCATTATTTGTGTGATCAGTAGTAATTACAGCAGTACTTTTATTATTGTCTCTACCGGTCTTGGCAGGGGCTATTACTATATTGCTTACTGATCGTAACTTAAATACCTCGTTCTTCGACCCTGCCGGAGGAGGAGACCCTATTTTATACCAACATTTGTTT,9.94,-84.073
Ephemeroptera,Heptageniidae,Epeorus,Epeorus sp1,COI-5P,GTACCTCACTTAGCCTACTTATTCGGGCCGAGCTCGGGCAACCTGGTTCTTTGATTGGAGACGACCAAATTTACAATGTAATTGTAACTGCCCATGCATTTATTATAATTTTCTTTATGGTAATACCTATTATAATTGGGGGATTTGGTAATTGACTTGTCCCTTTAATGTTAGGTGCCCCAGATATAGCCTTCCCCCGAATAAATAATATAAGTTTCTGACTTTTACCTCCTGCTTTAACATTACTTCTCGCTAGAAGCATAGTGGAAAGTGGGGCTGGTACAGGATGGACCGTTTACCCTCCGCTTTCAGCGGGTATTGCCCACGCCGGAGCTTCTGTTGATTTAGCCATTTTCTCTCTACACCTAGCTGGGGTTTCCTCTATTCTGGGGGCTGTTAATTTTATTACTACAACAATTAATATACGATCTACAGGGATAACTATAGACCGAATTCCTTTATTTGTTTGATCTGTCCTAATCACAGCTATTCTCCTTTTACTCTCTTTACCTGTCCTCGCAGGAGCAATTACTATACTTCTCACGGACCGTAATCTAAATACCTCATTCTTTGACCCAGCTGGAGGAGGAGACCCTATTCTGTACCAACATTTATTCTGATTTTTTGGTCACCCTG,47.2354,89.7021
Ephemeroptera,Baetidae,Acerpenna,Acerpenna macdunnoughi,COI-5P,GGATGGTAGGTACCTCTCTTAGTTTACTAATTCGGGCAGAGTTAGGTAACCCAGGGTCTCTCATTGGAGACGATCAAATTTATAATGTTATTGTTACAGCCCATGCTTTTATTATGATTTTCTTTATGGTGATGCCAATTATGATTGGGGGTTTTGGGAATTGGTTGGTGCCTTTGATATTGGGAGCTCCTGACATGGCTTTTCCTCGTATGAATAATATAAGATTTTGGTTATTACCTCCATCGTTGACTCTTTTGGTTTCAAGAAGATTGGTTGATGTAGGGGCCGGGACTGGTTGAACAGTTTACCCGCCTCTGGCTGCTAATATCGCTCATGGGGGATCTTCAGTGGATTTTGCTATTTTTTCTTTACACTTGGCTGGGGTGTCATCTATTTTAGGGGCGGTTAACTTCATTACTACAGTCATTAATATACGTAGCCCGGGAATAACGTTAGATCGTATACCTTTATTTGTGTGGTCGGTAGTTATTACTGCGGTGTTATTACTTCTTTCACTGCCTGTATTAGCTGGAGCTATTACTATGCTCTTAACGGACCGTAATTTGAACACTTCATTTTTTGATC-,39.049,-76.095
Ephemeroptera,Heptageniidae,Maccaffertium,Maccaffertium smithae,COI-5P,TAGGTACTTCTTTAAGCTTACTTATCCGGGCTGAATTGGGTCAACCAGGTTCTCTAATTGGTGATGATCAAATCTATAATGTTATTGTAACAGCCCATGCTTTTATTATGATTTTCTTCATGGTCATGCCTATTATAATTGGTGGATTTGGTAATTGGCTTGTACCTTTAATATTAGGAGCGCCTGATATGGCCTTCCCACGAATAAATAATATGAGATTCTGACTTCTTCCACCGGCATTGACACTACTACTGGCTAGAAGTATAGTAGAAAGAGGAGCTGGTACAGGTTGGACAGTCTACCCACCCCTATCTGCTGGGATTGCTCATGCTGGAGCCTCAGTTGATCTAGCAATCTTTTCACTTCATTTAGCTGGGGTATCTTCGATCCTAGGAGCGGTAAATTTTATTACAACAACAATTAACATGCGTTCCACAGGTATGACCATAGATCGAATCCCACTCTTTGTATGATCCGTTCTCATTACAGCCATCCTCCTCCTACTTTCACTGCCTGTATTGGCCGGTGCTATTACAATGCTTCTAACTGATCGTAATCTTAATACATCGTTCTTTGATCCGGCAGGAGG-,39.126,-75.975
Ephemeroptera,Heptageniidae,Ecdyonurus,NA,COI-5P,TACTTTATACTTCATCTTTGGGGCCTGGGCTGGAATAGTAGGTACATCTTTAAGCCTACTAATTCGTGCCGAGCTAGGACAACCCGGTTCGTTAATTGGGGATGACCAAATTTATAATGTTATTGTAACTGCACATGCTTTTATTATGATTTTCTTCATAGTTATACCAATCATAATTGGAGGATTTGGGAATTGGTTAGTTCCTTTAATATTGGGTGCCCCTGATATAGCCTTCCCACGTATAAACAATATAAGTTTTTGATTACTACCTCCAGCTTTGACCTTACTTTTATCTAGTAGTATGGTTGAAAGTGGAGCAGGGACTGGTTGAACTGTTTACCCGCCCTTATCTGCAGGGATCGCACACGCAGGTGCGTCCGTTGATCTAGCAATTTTCTCCCTACATCTAGCAGGAGTCTCATCTATTTTGGGTGCTGTTAATTTTATTACTACTACTATTAATATACGATCTAGCGGGATAACTATAGACCGCATCCCTTTATTCGTCTGGTCTGTTCTAATCACAGCTATCTTGTTGCTACTTTCTTTGCCTGTTTTAGCTGGAGCTATTACTATGCTTCTTACGGATCGAAACCTTAATACTTCCTTCTTTGATCCTGCTGGAGGTGGAGACCCCATTCTATACCAACATTTATTC,41.8287,24.4476
Ephemeroptera,NA,NA,NA,COI-5P,AACTTTATACTTTATTTTTGGAGCCTGATCTGGCATGGTAGGAACATCATTGAGACTTTTGATTCGAGCTGAATTAGGTCACCCGGGGTCTTTAATTGGTGATGACCAAATTTATAACGTAATCGTTACTGCCCATGCTTTCATTATAATTTTCTTTATGGTTATGCCAATCATGATCGGTGGCTTTGGAAACTGATTAGTCCCTCTAATACTTGGGGCCCCTGATATGGCTTTCCCGCGTATAAACAATATAAGCTTTTGATTATTACCCCCTGCCCTTACCCTATTATTAACTAGCAGCCTAGTGGAAAACGGGGCTGGAACTGGTTGAACGGTTTACCCGCCGCTGGCTGCGGGTATTGCCCATGCCGGTGCCTCTGTAGATTTGGCTATTTTTTCACTTCACCTGGCGGGTATCTCTTCTATTCTAGGTGCAGTAAACTTCATTACTACCACAATTAATATGCGAGCTAGAGGAATAACTATAGACCGAATCCCATTATTTGTTTGGTCAGTGGTGATTACTGCTGTCTTGTTACTCCTATCTTTACCTGTTCTGGCTGGAGCCATTACAATACTGTTAACAGATCGCAACTTAAATACCTCGTTTTTTGACCCTGCGGGTGGGGGAGACCCCATCCTTTACCAACATTTATTC,36.966,44.392
Ephemeroptera,Baetidae,Baetis,Baetis tricaudatus,COI-5P,TACCTTATATTTTATTTTTGGTGCTTGGTCGGGTATGGTGGGTACTTCCCTCAGACTGTTAATTCGAGCTGAGCTGGGTAACCCGGGGTCTTTAATTGGTGATGACCAAATTTATAACGTTATTGTAACAGCTCATGCTTTTATTATAATTTTTTTTATAGTGATACCTATTATAATTGGTGGATTTGGTAATTGGTTGGTACCCCTTATGCTGGGTGCACCCGACATGGCTTTCCCACGAATAAATAATATAAGCTTTTGGCTTTTACCACCGTCTTTAACTCTATTGATTTCTAGTAGAATTGTAGACGTTGGTGCTGGTACTGGTTGAACGGTTTATCCCCCTTTAGCGGCTAATATCGCCCATGGTGGGTCATCGGTTGATTTTGCTATCTTTTCATTACACTTAGCGGGTATTTCCTCTATTTTAGGGGCAGTTAATTTCATTACTACCGTTGTTAATATACGTAGTCCTGGTATAACCTTAGACCGCATACCACTATTTGTATGATCTGTCGTGATTACGGCGGTGTTATTATTACTATCCTTACCAGTCTTAGCAGGAGCTATTACTATGCTGTTAACTGATCGTAATTTAAATACTTCTTTTTTTGACCCGGCTGGCGGGGGTGACCCTATTTTGTACCAACACTTATTT,45.9151,-66.6169
Ephemeroptera,Baetidae,Andesiops,Andesiops sp. B BG,COI-5P,TACTCTTTATTTTATTTTTGGTGCTTGGGCTGGCATAGTGGGTACTTCTTTAAGTTTGCTGATCCGGGCCGAGTTGGGTAATCCCGGGTCTTTGATTGGCGACGATCAGATTTATAATGTTGTTGTTACTGCTCACGCGTTTATTATAATTTTTTTCATGGTAATACCTATTATGATTGGGGGTTTTGGTAATTGGTTGGTTCCTCTAATGCTGGGGGCTCCTGATATAGCTTTCCCCCGAATGAATAACATAAGTTTTTGAATACTGCCCCCGTCTTTAACTTTGTTGGTTTCTAGTAGCCTGGTAGATGTGGGTGCTGGTACGGGCTGAACCGTCTACCCGCCCTTGGCAGCTAATATTGCTCATGGGGGGTCTTCTGTAGATTTTGCTATTTTTTCATTACATTTAGCTGGGGTTTCTTCAATTTTGGGGGCAGTTAATTTTATCACTACGGTAATTAATATGCGTAGCCCAGGGATGACCCTAGATCGCATTCCTTTATTTGTGTGGTCTGTTATGATCACGGCTATTTTATTATTACTTTCTCTTCCGGTATTAGCGGGGGCCATTACTATACTTTTGACTGATCGTAATTTGAATACTTCTTTTTTTGACCCGGCTGGGGGTGGGGATCCTATTTTATATCAACATTTGTTT,-0.25,-77.935
Ephemeroptera,Baetidae,Baetis,Baetis macani,COI-5P,CGGTGCTTGATCGGGTATGGTAGGGACGTCTTTAAGTCTACTTATTCGAGCAGAGCTCGGGAATCCTGGGTCTCTTATTGGTGATGACCAGATTTATAATGTTATTGTAACCGCTCATGCCTTTATTATAATTTTTTTTATAGTGATACCAATTATAATTGGGGGGTTTGGTAATTGACTAGTACCTCTTATATTAGGTGCTCCTGACATGGCCTTTCCTCGAATAAATAATATAAGCTTTTGGTTATTGCCACCTTCTTTAACTTTACTTGTATCAAGTAGAGTAGTTGACGTTGGGGCAGGGACGGGTTGAACTGTTTATCCTCCCCTAGCTGCTAATATTGCCCATGGGGGTTCTTCAGTAGATTTTGCTATTTTTTCCTTGCATTTAGCTGGGGTTTCATCAATTTTAGGGGCAGTAAATTTTATCACAACTGTTGTCAATATACGTAGCCCAGGGATAACTTTGGACCGGATGCCCTTATTCGTGTGGTCGGTTGTAATTACTGCTATCTTGTTGCTTTTGTCATTGCCTGTTTTAGCAGGGGCAATTACTATACTGCTGACTGACCGTAATTTAAATACTTCTTTTTTTGACCCGGCTGGTGGGGGAGACCCAATTCT,69,20.53
Ephemeroptera,Leptophlebiidae,Habroleptoides,Habroleptoides sp. SC-2016c,COI-5P,AACACTTTATTTCATCTTTGGAGCCTGGTCCGGTATAATCGGTACATCCCTAAGCCTATTAATCCGAGCAGAACTCGGTCAGCCCGGGTCCTTAATTGGAGATGACCAAATTTATAATGTCATCGTAACCGCCCATGCTTTCGTTATAATTTTCTTTATAGTAATGCCAATTATAATTGGTGGGTTCGGCAACTGACTAGTCCCACTTATACTTGGTGCCCCGGACATGGCATTCCCGCGTATAAATAACATAAGATTCTGGCTCTTACCACCAGCTCTTACCCTCCTTTTAGCTAGCAGTATAGTTGAAAGTGGGGCCGGAACTGGTTGAACCGTTTACCCTCCCCTCTCTGCTGGAATCGCTCATGCTGGAGCTTCAGTAGACTTAGCTATTTTCTCGCTTCATTTAGCTGGAGTTTCCTCAATCCTCGGAGCAGTAAACTTTATTACTACCACAATTAACATACGAGCCAGCGGCATAACTATAGATCGTATCCCTCTCTTCGTGTGGTCAGTTGTCATTACCGCAGTTCTCCTACTTCTAAGCTTACCCGTCCTAGCTGGGGCAATTACTATACTCCTAACTGACCGAAACTTAAACACCTCATTCTTTGACCCCGCCGGGGGAGGTGACCCAAT,44.1037,11.1136
Ephemeroptera,Baetidae,Cloeon,Cloeon sp. CLO035,COI-5P,TTTAATTGGTGATGACCAAATTTATAATGTTATTGTTACAGCGCATGCTTTTATTATAATTTTCTTTATAGTAATGCCTATTATGATTGGTGGGTTTGGTAATTGACTGGTACCTCTTATATTAGGTGCCCCTGATATAGCCTTTCCTCGGATAAATAATATAAGTTTTTGGTTATTACCTCCATCACTAACTCTGTTGGTTTCTAGTAGCTTAGTTGATATAGGTGCTGGCACGGGTTGGACAGTTTATCCTCCTTTAGCTGCCAATATTGCTCATGGTGGGTCTTCTGTGGATTACGCAATTTTTTCTTTACATTTAGCTGGGGTATCTTCTATTTTGGGTGCTGTAAATTTTATTACTACTGTGATCAATATACGTAGACCTGGTATGACTTTAGACCGAATCCCGTTATTTGTTTGATCTGTAGTAATCACGGCAGTATTACTTTTATTATCACTACCTGTATTGGCTGGGGCTATTACAATATTACTAACTGATCGTAATTTAAACACGTCATTCTTT,-24.3067,132.905
Ephemeroptera,Baetidae,Cloeon,Cloeon sp. CLO169,COI-5P,TTTGATTGGCGATGACCAAATTTATAATGTTATTGTGACTGCTCATGCTTTTATTATAATTTTCTTTATAGTTATGCCTATTATAATTGGTGGTTTTGGTAATTGACTGGTACCACTAATATTAGGGGCTCCTGATATGGCTTTCCCTCGTATGAATAATATAAGTTTTTGGTTGTTACCACCATCATTAACTCTTTTGGTTTCAAGCAGTTTAGTTGATATGGGTGCTGGTACGGGTTGGACTGTTTACCCGCCTTTGGCTGCTAATATCGCTCACGGGGGTTCTTCAGTAGATTACGCTATTTTTTCTTTGCATTTAGCGGGTGTTTCTTCTATTTTGGGTGCTGTAAATTTTATTACTACAGTAATTAATATGCGTAGTCCTGGTATAACTTTAGATCGCATTCCTTTATTTGTTTGATCTGTTGTTATTACTGCAGTGTTATTATTATTGTCTTTACCTGTACTAGCTGGTGCTATTACAATATTATTAACAGATCGTAATTTAAATACTTCTTTCTTT,-21.8631,121.008
Ephemeroptera,Polymitarcyidae,Ephoron,Ephoron shigae,COI-5P,GAACTTCTCTTAGCCTTTTAATCCGAGCTGAACTCGGACAACCAGGATCTTTAATTGGGGACGATCAGATTTATAACGTCATTGTTACTGCACACGCTTTTATTATAATTTTCTTCATAGTTATGCCTATTATAATTGGAGGGTTTGGTAATTGATTAGTTCCTTTAATGTTGGGGGCCCCTGACATGGCTTTCCCCCGTATAAATAATATAAGTTTTTGACTCCTCCCACCTGCCTTAACCCTACTATTAGCTAGTAGTATGGTAGAAAGTGGGGCAGGGACTGGCTGAACTGTATACCCTCCATTAGCTGCCGGTATCGCCCATGCCGGAGCTTCTGTAGATTTAGCTATCTTTTCCCTTCATTTAGCTGGGGTTTCTTCGATTCTAGGTGCAGTAAATTTTATTACAACTATTATTAATATACGCTCAAGAGGTATAACTATAGACCAAATTCCTCTATTTGTGTGATCAGTCTTTATTACTGCAATTTTACTACTCCTATCCCTACCAGTATTAGCAGGAGCCATTACTATACTACTTACAGATCGTAA,34.88,134.93
Ephemeroptera,Heptageniidae,Epeorus,Epeorus assimilis,COI-5P,AACTTTATACTTCATCTTTGGAGCATGATCAGGAATAGTAGGGACATCTTTAAGCCTACTCATTCGAGCAGAATTAGGACAACCCGGTTCACTCATTGGAGATGACCAAATTTATAATGTCATCGTTACTGCCCATGCCTTTATTATAATTTTCTTTATAGTGATACCAATCATGATTGGAGGGTTTGGTAATTGATTAGTGCCTCTTATACTAGGAGCTCCTGATATAGCCTTCCCCCGAATAAACAATATAAGTTTTTGGCTCCTTCCCCCCGCCCTTACACTATTACTAGCTAGAAGCATAGTAGAAAGTGGAGCTGGTACAGGATGGACCGTTTACCCCCCACTTTCCGCAGGAATTGCCCATGCTGGGGCTTCTGTCGATTTGGCTATTTTCTCTCTCCACCTCGCAGGGGTATCATCTATTTTAGGGGCCGTGAATTTCATTACCACCACAATCAACATACGATCAACAGGAATAACTATAGACCGGATTCCTCTTTTTGTTTGGTCCGTATTAATTACTGCCATTCTCCTTCTTCTCTCCCTCCCCGTTTTAGCAGGAGCCATTACCATACTACTCACTGACCGAAACCTAAACACCTCCTTCTTTGACCCCGCTGGTGGGGGAGACCCTAT,42.8859,13.2794
Ephemeroptera,Ephemerellidae,Ephemerella,Ephemerella invaria,COI-5P,AACTTTATACTTTATTTTTGGGGCTTGATCCGGCATAATCGGCACNTCTTTAAGCTTACTCATCNGGGCAGAATTAGGGCAGCCTGGATCTCTAATTGGAGATGANCAAATCTACAATGTNATCGTCACTGCTCACGCCTTTATTATNATTTTCTTTATAGNAATACCCATTATANTTGGAGGNTTCGGGAACTGGCTAGTACCCCTTATGCTTGGAGCTCCCGACATAGCTTTCCCCCGTATAAATAATATAAGTTTTTGGCTTTTGCCTCCTGCCTTAACGCTCCTCTTAGCAAGAAGTATAGTAGAAAGAGGGGCGGGTACTGGTTGGACAGTCTACCCTCCCTTAGCTTCCGGGATTGCTCACGCTGGNGGCTCTGTAGATCTCGCTATTTTCTCGCTTCACTTAGCNGGAGTTTCTTCTATTCTAGGGGCGGTAAACTTTATTACTACAACTATTAACATNCGTGCAAGCGGCATATCTATAGANCGAATCCCACTTTTCGTGTGGTCGGTACTAATTACAGCCATTTTACTTTTACTTTCTCTCCCAGTTTTGGCGGGAGCCATTACTATACTTCTTACTGACCGTAATCTTAATACGTCCTTCTTTGACCCTGCCGGAGGAGGAGATCCCATTCTTTANCAACACTTATTT,35.634,-83.084
Ephemeroptera,Polymitarcyidae,Ephoron,Ephoron album,COI-5P,AACACTATATTTTATTTTTGGGGCTTGATCAGGTATAGTTGGAACTTCTCTCAGCCTTTTAATTCGAGCTGAATTAGGTCAACCCGGCTCTTTAATTGGGGATGATCAAATCTATAATGTAATTGTAACTGCTCACGCTTTTATTATAATTTTCTTTATAGTGATGCCTATCATAATTGGGGGGTTCGGAAATTGACTTGTGCCTTTAATACTTGGTGCTCCAGATATGGCTTTCCCCCGAATAAATAATATAAGTTTTTGGCTTTTGCCCCCTGCTTTAACTCTTCTTTTAGCTAGTAGCATAGTAGAGAGTGGGGCAGGAACTGGTTGAACTGTCTATCCCCCTTTAGCCTCGGGTATCGCTCATGCTGGGGCATCTGTGGACCTAGCTATCTTTTCTCTTCATTTAGCAGGAGTGTCTTCTATTTTAGGAGCAGTAAATTTTATTACAACTATTATTAATATGCGTTCAAGAGGCATAACTATAGATCGTATTCCTTTATTTGTGTGATCTGTTTTTATCACTGCCATTCTACTCTTATTATCCTTGCCGGTATTAGCAGGAGCTATCACAATACTTTTAACGGATCGTAACTTAAATACTTCCTTCTTCGACCCCGCCGGTGGGGGAGACCCTATCTTGTACCAACATTTATTT,52.358,-107.181
Ephemeroptera,Oligoneuriidae,Oligoneuriella,Oligoneuriella rhenana,COI-5P,GACTTTATATTTTATTTTTGGTATTTGATCAGGTATAGTGGGTACTTCTTTAAGATTAATAATTCGTACAGAATTAGGCCAACCGGGCTACTTAATTGGAGATGATCAAATTTATAATGTTATTGTAACTGCTCATGCTTTTATTATAATTTTCTTTATAGTTATGCCTATTATAATTGGTGGGTTTGGGAATTGACTAGTTCCTTTAATATTAGGGGCTCCTGATATGGCTTTCCCTCGAATAAACAATATAAGATTTTGGCTATTACCTCCTGCTTTAACCTTTTTACTGGCGAGCAGTATGGTAGAAAGAGGAGCAGGTACTGGATGAACAGTCTATCCCCCTTTGGCTTCTGGCATTGCTCATGCGGGTGCTTCAGTTGATTTAGCTATTTTCTCTTTACATTTAGCTGGTGTTTCTTCTATTTTAGGAGCTGTAAATTTTATTACCACTGTAATTAATATACGGTCTCCAGGCATAACTATGGATCGAGTGCCTTTATTTGTATGATCAGTTTTAATTACAGCTGTACTTCTTTTATTATCTTTACCTGTATTAGCAGGAGCTATTACTATATTATTAACTGATCGAAACTTAAATACTTCTTTCTTCGATCCAGCAGGGGGTGGAGACCCCATTTTATACCAACATTTGTTT,45.068,9.646
Ephemeroptera,Ephemerellidae,Ephemerella,Ephemerella dorothea,COI-5P,TGCTCACGCCTTTATTATAATCTTCTTCATAGTAATGCCCATTATAATTGGAGGGTTTGGAAATTGATTAGTTCCTCTCATGCTTGGAGCCCCTGATATAGCTTTCCCCCGTATAAATAACATGAGCTTTTGGCTTTTGCCTCCTGCTTTAACACTCCTATTAGCTAGCAGTATAGTAGAAAGAGGGGCGGGGACAGGTTGAACAGTTTACCCTCCACTAGCTTCCGGAATTGCTCATGCTGGGGGATCAGTAGATCTTGCCATTTTCTCACTTCACTTAGCAGGAGTTTCTTCTATTCTAGGGGCTGTAAATTTTATTACCACAACCATTAATATACGTGCAAGCGGTATATCGATAGACCGAATTCCGCTTTTTGTGTGGTCAGTACTAATTACAGCTATTTTGCTCTTGCTTTCTCTCCCAGTTTTAGCGGGAGCCATCACCATGCTCCTCACTGACCGTAACCTTAATACATCCTTC-,39.687,-78.456
Ephemeroptera,Leptophlebiidae,Atalophlebia,NA,COI-5P,TACCCTTTATTTTTATTTTGGAGCATGGGCAGGTATAGTAGGGACCTCCCTTAGCCTCCTGATTCGAGCAGAACTAGGTCAGCCAGGGTCATTGATTGGGGATGACCAAATCTACAATGTTATTGTTACAGCTCACGCTTTTATTATAATTTTTTTCATGGTGATACCAATTATGATTGGGGGGTTTGGTAATTGGCTTGTCCCCTTAATACTTGGAGCCCCAGACATAGCTTTCCCCCGTATAAATAATATAAGATTTTGGCTGTTGCCTCCTTCTCTCACCTTACTATTAGCTAGTAGCATGGTAGAGAGTGGAGCGGGTACTGGATGAACTGTTTACCCCCCATTATCTGCGGGGATTGCTCATGCAGGAGCTTCCGTAGATTTGGCTATTTTCTCTCTTCATTTGGCAGGAGTTTCGTCTATTCTAGGAGCTGTTAACTTCATCACTACTACCATTAATATGCGAACTAGAGGGATAACTATAGACCGAATCCCCTTATTTGTATGGTCAGTGGTTATTACTGCTATCTTACTTCTTCTCTCCCTACCAGTTTTAGCTGGAGCCATTACTATACTTTTAACGGATCGTAATTTAAATACTTCTTTCTTTGACCCGGCAGGAGGTGGGGATCCTATCCTATACCAACACTTATTC,-28.447,152.998
Ephemeroptera,Leptophlebiidae,Choroterpes,Choroterpes basalis,COI-5P,TTTATTTTTGGGGCGTGATCAGGTATAGTTGGTACTTCATTAAGCCTATTAATTCGAGCTGAACTAGGACAACCTGGCTCATTAATTGGAGATGACCAAATTTATAATGTAATTGTCACAGCTCATGCTTTTATTATAATTTTCTTTATAGTAATACCTATTATAATTGGTGGATTTGGTAATTGATTAGTGCCTCTTATATTAGGAGCCCCAGATATAGCTTTCCCCCGAATAAATAACATAAGTTTTTGATTACTACCACCTTCTTTAACTTTACTTTTAGCTAGAAGTATGGTAGAAAGAGGGGCAGGAACTGGTTGAACAGTCTACCCACCTTTATCCGCAGGAATTGCTCATGCTGGGGCTTCTGTTGATTTAGCTATTTTTTCTCTTCATTTAGCAGGAATCTCTTCTATTTTAGGAGCTGTAAATTTTATTACTACAACTATTAATATACGAACTAGTGGTATAACTATAGACCGTATTCCTTTATTTGTATGATCCGTAGTAATCACTGCAGTTTTATTATTATTATCGCTCCCAGTTTTAGCTGGGGCTATTACAATACTTTTAACAGACCGT------------------------------------------------------,44.6972,-78.7431
Ephemeroptera,Heptageniidae,Cinygmula,Cinygmula sp. B BG,COI-5P,-------TACTTTATTTTCGGAGCCTGATCAGGAATGGTTGGTACTTCATTAAGTTTATTAATCCGAGCCGAATTAGGTCAACCTGGTTCTTTAATTGGGGATGACCAAATTTATAATGTTATTGTGACAGCCCATGCTTTTATTATAATTTTCTTTATAGTTATACCTATTATGATTGGGGGATTTGGTAATTGATTAGTTCCCCTTATATTGGGGGCCCCTGATATAGCTTTCCCCCGAATAAATAATATAAGATTTTGATTACTCCCTCCTGCACTCACCCTCCTTCTGTCTAGAAGTATAGTAGAAAGAGGAGCTGGGACAGGATGAACTGTTTACCCTCCCCTTTCTGCGGGAATTGCTCATGCAGGAGCTTCAGTTGATTTGGCTATTTTTTCTTTACATTTGGCTGGAGTTTCTTCTATTTTAGGGGCTGTAAATTTTATTACTACTACAATTAATATACGATCGAGTGGAATAACTATAGATCGAATCCCTCTTTTTGTCTGGTCAGTATTGATTACTGCAATTTTATTGCTTCTCTCTTTACCTGTTTTGGCCGGAGCTATTACTATACTATTAACAGATCGTAATTTAAATACCTCATTCTTCGACCCTGCAGGTGGGGGAGACCCTATTTTATACCAACATTTATTC,40.517,-105.659
Ephemeroptera,Dipteromimidae,Dipteromimus,Dipteromimus tipuliformis,COI-5P,AGTCTTCTCATCCGAGCAGAACTTGGGCAGCCGGGGTCTTTAATTGGGGATGATCAAATTTATAATGTAATTGTAACAGCTCACGCTTTTGTAATAATCTTCTTCATAGTTATACCTATTATAATCGGAGGATTTGGTAACTGGCTTGTCCCTTTAATACTTGGTGCTCCAGACATGGCATTTCCGCGTATGAATAATATAAGATTCTGACTCCTCCCGCCCGCATTGACACTCCTCCTCGCTAGCAGCATAGTGGAGAGAGGTGCCGGAACTGGGTGGACCGTTTACCCCCCTCTTTCAGCCGGGATTGCTCACGCAGGGGCTTCCGTTGATTTAGCTATTTTCTCTCTTCACTTAGCAGGAGTTTCCTCGATTTTAGGGGCCGTTAATTTTATTACAACAACTATTAATATACGAACAAGAGGAATGACTATAGACCGCGTTCCCTTATTTGTCTGGTCAGTTGTTATTACTGCAATCCTCCTCCTTCTCTCCCTTCCTGTTCTGGCCGGAGCAATTACGATACTATTAACTGACCGTAATTTAAACACCTCTTTCTTTGACCCCGCAGGAGGAGGTGACCCCATTTTATATCAGCATCTATTTTGGTTCTTTGGACACCCTGAAGTTTACATTCTGATTCTCCCGGGGTTTGGAATAATTTCTCACATCATTAGTC,34.9389,135.86
Ephemeroptera,Caenidae,Afrocaenis,NA,COI-5P,AACCTTATACTTTATTTTTGGGGTTTGGTCAGGGATACTGGGGACCTCTTTAAGCCTTTTAATCCGGGCTGAGCTCGGTCACCCCGGGTCACTGATTGGAGATGATCAAATTTATAATGTCATTGTTACTGCCCATGCCTTTATTATAATTTTTTTCATAGTAATACCCATTATAATTGGGGGCTTCGGGAATTGGCTGGTACCCTTAATGCTGGGTGCCCCAGATATAGCCTTTCCTCGAATAAATAATATAAGATTTTGGCTTCTCCCCCCAGCTCTGACCTTATTATTAACTAGAAGCCTAGTAGAAAACGGAGCCGGGACTGGTTGAACAGTTTACCCTCCCTTGGCAGCGGGTATCGCCCATGCCGGGGCTTCTGTAGATTTAGCTATTTTCTCCCTTCATTTAGCGGGAATCTCCTCTATTCTAGGAGCAGTAAACTTCATCACGACTACAATTAATATGCGAGCCAGCGGTATAACAATAGACCGAATCCCATTATTTGTTTGGTCAGTAATTATTACTGCAATCCTTTTATTGTTATCTCTTCCTGTATTAGCAGGAGCTATTACAATACTTCTTACAGACCGAAACTTAAATACCTCTTTCTTTGACCCTGCCGGGGGAGGGGACCCTATTTTATACCAACATCTTTTC,0.226,34.858
Ephemeroptera,Baetidae,Baetis,Baetis tricaudatus,COI-5P,TACTTTGTATTTTATTTTCGGTGCTTGGTCGGGCATGGTGGGCACTTCCCTGAGATTATTAATTCGTGCTGAGCTGGGCAACCCGGGTTCTTTAATTGGGGATGACCAAATTTATAACGTTATTGTAACGGCTCATGCTTTTATTATGATTTTTTTTATAGTAATACCTATTATAATTGGCGGATTTGGCAATTGGCTGGTACCCCTAATGTTAGGTGCTCCTGACATGGCTTTCCCACGAATAAATAATATAAGTTTTTGGTTGCTACCTCCATCTTTAACTCTGTTGATTTCTAGAAGTATTGTAGACGTTGGTGCCGGTACTGGCTGAACGGTTTACCCGCCACTGGCTGCCAATATCGCTCATGGTGGGTCATCAGTTGATTTTGCTATTTTTTCACTCCATTTAGCGGGGGTTTCATCTATTTTAGGGGCAGTTAATTTCATTACTACTGTTGTGAATATACGTAGCCCTGGTATAACCCTAGACCGGATACCTCTGTTTGTTTGGTCTGTTGTGATTACGGCGGTGTTATTATTATTATCTTTACCAGTTTTAGCAGGTGCTATCACTATGTTGTTAACTGATCGTAATTTAAATACTTCTTTTTTTGACCCGGCTGGTGGAGGCGACCCTATTCTATACCAACACTTATTT,44.387,-73.825
Ephemeroptera,Siphlonuridae,Siphlonurus,NA,COI-5P,AACTTTATATTTTATTTTCGGTGCTTGGGCCGGAATAGTTGGGACTTCTTTAAGTTTATTAATTCGTGCTGAACTGGGGCAACCAGGGTCTTTAATTGGAGATGACCAAATCTATAATGTAATTGTAACAGCTCACGCTTTTGTAATAATTTTCTTCATAGTAATACCTATTATAATTGGAGGATTTGGTAATTGATTAGTTCCATTAATGTTAGGAGCTCCTGACATGGCCTTTCCTCGAATAAATAATATAAGTTTCTGGCTTCTTCCACCCGCTCTAACTCTTTTACTCGCTAGTAGTATAGTTGAAAGCGGAGCTGGAACTGGATGAACGGTTTATCCTCCTCTTTCTGCAGGTATTGCCCACGCTGGGGCATCTGTTGATTTAGCAATTTTCTCACTTCATTTAGCTGGAGTTTCATCTATTCTAGGGGCAGTAAATTTTATTACAACAACAATCAACATACGTTCAAGTGGAATAACTATAGACCGTATTCCTCTTTTTGTTTGATCAGTAGTAATTACTGCTATCTTACTTCTTTTATCTTTACCCGTTTTAGCAGGAGCTATTACAATACTTCTCACAGACCGTAATTTAAATACATCCTTCTTTGACCCTGCTGGAGGTGGAGACCCTATTTTATACCAACATTTATTT,44.6286,-78.8614
Ephemeroptera,Heptageniidae,Maccaffertium,Maccaffertium vicarium,COI-5P,TACTTTATATTTCATCTTTGGGGCCTGATCAGGAATAGTAGGAACTTCTCTAAGTTTACTCATCCGGGCTGAATTAGGTCAACCAGGATCCCTAATTGGTGATGATCAAATCTATAATGTTATTGTAACGGCTCATGCTTTCATTATGATTTTCTTCATGGTTATGCCTATTATGATTGGAGGATTTGGTAATTGATTAGTCCCTTTGATGTTAGGAGCGCCTGATATGGCCTTCCCACGAATGAATAATATGAGTTTCTGACTTCTTCCACCGGCCTTAACACTACTACTGGCTAGAAGTATAGTAGAAAGAGGAGCTGGGACAGGATGGACAGTCTACCCTCCCCTATCGGCAGGGATTGCCCACGCAGGTGCCTCAGTAGATTTAGCTATTTTCTCTCTTCATTTAGCAGGGGTGTCTTCCATTTTAGGGGCAGTAAACTTTATTACAACAACTATTAACATGCGTTCAACAGGGATAACTATAGATCGAATCCCTCTCTTTGTTTGATCCGTTCTAATTACTGCCATTCTTCTTCTACTTTCATTACCTGTATTGGCAGGGGCTATTACAATACTTTTAACTGATCGAAATCTTAATACATCCTT-------------------------------------------------,52.086,-102.814
Ephemeroptera,Heptageniidae,Maccaffertium,Maccaffertium smithae,COI-5P,TCGGTACTTTATATTTCATCTTTGGGGCTTGATCGGGGATAGTAGGTACTTCTTTAAGCTTACTTATCCGGGCTGAATTGGGTCAACCAGGTTCTCTAATTGGTGATGATCAAATCTATAATGTTATTGTAACAGCCCATGCTTTTATTATGATTTTCTTCATGGTCATGCCTATTATAATTGGTGGGTTTGGTAATTGGCTTGTACCTTTAATATTAGGAGCACCTGATATGGCCTTCCCACGAATAAATAATATGAGATTCTGACTTCTTCCACCGGCATTGACACTACTACTGGCTAGAAGTATAGTAGAAAGAGGAGCTGGTACAGGTTGGACAGTCTACCCACCCCTATCTGCTGGGATTGCTCATGCTGGAGCCTCAGTTGATCTAGCAATCTTTTCACTTCATTTAGCTGGGGTATCTTCGATCCTAGGAGCGGTAAATTTTATTACAACAACAATTAACATGCGTTCCACAGGTATGACCATAGATCGAATCCCACTCTTTGTATGATCCGTTCTCATTACAGCCATCCTCCTCCTACTTTCACTGCCTGTATTGGCCGGTGCTATTACAATGCTTCTAACTGATCGTAATCTTAATACATCGTTCTTTGATCCGGCAGGAGGTGGAGAT,39.1174,-75.9572
Ephemeroptera,Leptophlebiidae,Paraleptophlebia,Paraleptophlebia bicornuta,COI-5P,AACACTTTATTTTATCTTCGGGGCTTGATCGGGAATAATTGGAACCTCTCTAAGTCTGTTGATCCGGGCAGAATTAGGTCAGCCAGGGTCTTTAATTGGCGACGACCAAATTTATAACGTTATTGTAACAGCTCATGCTTTTATTATGATTTTCTTTATGGTTATGCCTATTATAATTGGTGGGTTTGGTAATTGATTGGTTCCCCTCATACTAGGTGCTCCTGATATGGCTTTCCCACGTATAAATAACATAAGATTCTGGTTACTACCTCCAGCGCTGACTCTTCTTTTAGCTAGTAGTATAGTTGAAAGTGGTGCCGGGACTGGGTGGACAGTATATCCCCCTTTGTCCTCTGGGATCGCACATGCAGGTGCCTCAGTAGACCTAGCTATTTTTTCTTTACATTTGGCTGGGGTTTCTTCTATCTTAGGGGCGGTAAATTTTATTACAACTACTATTAATATACGAGCTAGAGGTATGACTTTAGACCGTATTCCCCTGTTTGTGTGATCTGTGGTAATCACAGCTGTTTTGTTATTACTCTCTCTACCTGTTCTAGCAGGGGCTATTACAATATTACTCACAGATCGTAACCTCAATACCTCATTC,54.446,-122.653
Ephemeroptera,NA,NA,NA,COI-5P,TACTTTATATTTTATTTTTGGAGCATGGGCTGGAATAGTTGGGACTTCACTTAGTTTACTAATTCGGGCTGAATTAGGACAGCCTGGGTCCCTAATTGGAGATGACCAAATTTATAATGTTATTGTCACAGCTCACGCCTTTATCATAATTTTCTTTATAGTTATGCCTATTATAATTGGAGGGTTTGGAAATTGACTCGTACCCTTAATGTTAGGGGCGCCTGATATAGCCTTCCCTCGAATAAATAATATAAGTTTTTGACTTCTTCCCCCAGCGTTAACTCTGCTTCTCGCTAGAAGTATAGTAGAAAGAGGAGCGGGTACTGGGTGAACGGTTTATCCTCCGCTTTCAGCAGGCATCGCCCATGCCGGGGCATCAGTGGATTTAGCCATTTTCTCATTACATTTAGCAGGGGTTTCCTCGATTCTAGGGGCTGTGAACTTCATCACTACAACTATTAACATACGATCAAGAGGAATAACTATAGACCGAATTCCTTTATTTGTTTGGTCTGTTCTTATTACTGCTATTTTACTCCTTCTTTCCCTCCCTGTATTGGCTGGAGCTATCACAATACTTCTCACAGATCGTAATCTAAATACTTCCTTTTTTGATCCTGCGGGTGGGGGAGACCCCATCCTCTATCAGCACTTATTT,46.1264,-66.6116
Ephemeroptera,Heptageniidae,Epeorus,Epeorus longimanus B BG,COI-5P,AACTTTATATTTTATTTTTGGTGCTTGGTCAGGTATAGTAGGAACCTCCCTTAGATTACTTATTCGTGCTGAACTTGGTCAGCCTGGTTCATTAATTGGGGACGATCAAATTTATAACGTCATCGTCACTGCTCATGCTTTTATTATAATTTTCTTTATAGTAATACCTATTATAATCGGAGGGTTTGGTAATTGACTCGTGCCCTTAATGCTAGGGGCACCAGATATGGCATTCCCACGAATGAATAATATAAGTTTCTGACTATTACCCCCTGCTTTAACTCTTCTTCTCGCTAGTAGTATAGTAGAAAGTGGAGCTGGGACTGGATGGACCGTCTACCCACCACTTTCCGCTGGGATCGCCCATGCCGGAGCATCTGTCGATCTCGCCATTTTTTCATTACATTTAGCAGGAATTTCCTCAATCCTAGGAGCCGTAAATTTTATTACAACCACTATCAATATACGCTCGACAGGGATAACATTAGACCGAACACCTCTTTTTGTCTGGTCTGTTTTAATTACCGCAATTCTGCTTCTACTCTCCTTACCTGTCCTTGCAGGAGCTATTACAATACTTTTAACTGACCGTAACTTAAATACCTCATTCTTTGACCCAGCTGGAGGGGGAGACCCAATTTTATACCAACATTTATTC,40.037,-105.419
Ephemeroptera,Baetidae,Prebaetodes,Prebaetodes sp. B BG,COI-5P,TACTCTTTATTTTATTTTTGGCGCTTGGGCTGGCATGGTGGGAACATCTTTAAGCTTGTTGATCCGGGCGGAACTGGGTAACCCGGGCTCTTTAATTGGGGATGACCAAATTTATAATGTAGTTGTCACTGCTCATGCGTTTATCATGATTTTTTTTATAGTAATGCCTATTATAATTGGGGGTTTTGGCAACTGGNTAGTGCCCCTTATGTTAGGGGCCCCGGATATGGNGTTTCCCCGCATAAATAACATGAGATTCTGGATACTACCCCCTTCTTTGACTTTATTGGTGTCCAGAAGCTTAGTAGATGTGGGGGCTGGAACAGGGTGGACTGTGTACCCTCCTCTCGCGGCGAATATTGCCCACGGGGGATCTTCGGTTGATTTTGCTATTTTTTCTTTACACTTGGCGGGGGTGTCTTCTATTTTGGGGGCAGTGAATTTTATCACGACAGTTATTAATATGCGCAGCCCGGGAATAACATTAGACCGCATCCCTTTGTTTGTGTGGTCGGTAGTTATTACTGCCGTATTGCTATTACTCTCCCTCCCGGTTCTAGCTGGGGCAATCACAATATTATTGACTGACCGGAATTTAAATACTTCTTTTTTCGACCCGGCGGGAGGAGGGGACCCAATTTTGTACCAACATTTATTT,-0.244,-77.985
Ephemeroptera,Leptophlebiidae,Thraulodes,Thraulodes sp.,COI-5P,TACACTTTATTTTATTTTTGGAGCCTGGGCAGGAATAGTGGGTACATCCCTAAGTTTATTGATTCGTGCTGAATTAGGACAGCCCGGTTCTTTGATTGGAGATGACCAAATTTATAATGTAATTGTAACAGCTCATGCTTTTATTATAATTTTCTTTATGGTAATGCCAATTATAATTGGAGGATTTGGAAATTGATTAGTTCCTTTAATGCTAGGGGCACCTGATATGGCTTTCCCCCGAATGAATAATATAAGTTTTTGACTTTTACCCCCGTCTTTAACACTATTGTTAGCTAGTAGTATAGTAGAAAGTGGGGCAGGGACAGGATGAACCGTATACCCTCCTTTATCGGCAGGAATTGCCCATGCAGGTGCTTCTGTTGACCTCGCTATTTTTTCTCTCCATTTAGCCGGTATTTCTTCAATTTTAGGTGCTGTTAATTTTATTACAACAACCATTAATATACGTACAGCTGGAATAACTATAGACCGAATTCCCTTATTTGTTTGATCTGTAATTATTACTGCCATTCTATTATTATTATCCCTACCAGTCTTAGCTGGGGCAATTACTATATTATTAACAGATCGAAATTTAAATACCTCATTCTTTGACCCTGCAGGAGGGGGAGACCCTATTTTATACCAACATTTATTT,8.667,-83.509
Ephemeroptera,Heptageniidae,Stenacron,Stenacron interpunctatum,COI-5P,ATCTTTGGAGCTTGATCAGGAATGGTAGGGACATCCTTAAGTCTACTAATTCGAGCGGAACTGGGACAGCCTGGTTCACTGATTGGAGATGACCAAATCTATAATGTGATCGTAACAGCTCATGCCTTTATCATAATTTTCTTCATGGTTATACCTATCATGATTGGAGGATTTGGAAATTGACTAGTACCTCTAATATTAGGGGCCCCTGATATGGCTTTCCCACGAATAAATAATATGAGATTCTGACTTCTTCCACCGGCTCTCACACTACTTCTGGCTAGAAGTATAGTCGAAAGAGGTGCTGGCACTGGTTGGACGGTCTACCCTCCCCTATCGGCTGGGATTGCCCACGCTGGGGCCTCAGTTGACCTTGCCATTTTCTCTCTCCACCTTGCCGGAGTTTCATCAATTCTTGGTGCAGTAAACTTTATCACAACTACCATTAACATACCATCCACAGGAATAACCATAGATCGTATTCCCCTATTTGTTTGGTCTGTTTTAATCACGGCTATTCTTCTCTTATTATCTTTACCTGTATTAGCTGGAGCCATCACTATACTTTTAACCGACCGGAACTTAAATACCTCCTTCTTTGATCCCGCCTGGAGAGGGGATCCTATTTTG,33.7894,-81.9297
Ephemeroptera,Leptohyphidae,Tricorythodes,Tricorythodes explicatus,COI-5P,AACCCTTTACTTTATTTTTGGGGTTTGATCAGGCATAATTGGCACAAGTTTAAGGCTTCTAATCCGCGCCGAACTTGGCCAAGCAGGCTCTCTTATTGGGGATGATCAAATTTATAACGTAATTGTTACTGCCCATGCATTCATTATGATTTTCTTTATAGTAATACCAATTATAATCGGAGGATTTGGAAATTGATTAGTACCACTAATACTAAGAGCTCCCGATATAGCTTTCCCCCGTATAAACAATATAAGATTTTGACTTCTACCTCCAGCCCTTACATTACTTTTAACAAGAAGAATAGTTGAAGCAGGGGCTGGTACAGGTTGAACTGTGTATCCCCCTTTAGCTAGAAATATTGCTCACGCAGGAGCTTCAGTCGATTTAGCTATCTTCTCCTTACATTTAGCAGGAATCTCCTCAATTTTAGGAGCTATTAACTTTATTACGACTATTATTAATATACGAGCCCCAGGGATAACTTTCGACCGTATTCCATTATTCGTGTGATCTGTAGGAATTACCGCTCTGCTTCTATTATTATCCCTGCCAGTTTTAGCTGGCGCGATCACAATACTCTTAACTGACCGTAATTTAAATACCTCTTTCTTCGACCCTTCTGGAGGAGGAGATCCAATCCTATACCAACACTTATTT,34.229,-117.768
Ephemeroptera,Baetidae,Acentrella,Acentrella turbida,COI-5P,TACTCTTTATTTTATTTTTGGGGCGTGGTCGGGTATAGTAGGTACTTCTCTTAGATTATTAATTCGGGCTGAATTAGGAAACCCAGGGTCTTTAATCGGTGATGACCAAATTTATAACGTAATCGTTACTGCTCACGCGTTTATTATAATTTTTTTTATAGTTATACCTATTATAATTGGGGGGTTTGGTAATTGGTTGGTTCCTTTAATATTGGGTGCTCCTGATATAGCTTTTCCCCGTATAAATAACATAAGATTTTGAATGCTTCCTCCTTCATTAACTTTATTAGTGTCTAGAAGCATTGTAGACGTAGGAGCGGGGACTGGATGAACGGTTTATCCTCCTTTAGCGGCTAATATCGCCCATGGTGGGTCGTCAGTTGATTTTGCTATTTTTTCTTTGCATTTAGCTGGGGTTTCTTCTATTTTAGGGGCTGTAAATTTTATTACTACTGTAGTCAATATGCGTAGCCCAGGTATAACTCTAGACCGAATACCATTATTTGTTTGATCGGTCGTAATTACTGCTGTGCTTTTGCTTCTGTCTTTACCTGTCTTGGCCGGGGCTATCACAATACTTTTGACAGACCGAAATCTTAATACTTCATTTTTTGATCCTGCGGGCGGAGGAGACCCAATTCTTTATCAGCATTTATTT,35.467,-83.8784
Ephemeroptera,Baetidae,Acerpenna,Acerpenna macdunnoughi,COI-5P,TACCCTTTATTTTATTTTTGGGGCTTGGGCAGGAATGGTAGGTACCTCTCTTAGTTTACTAATCCGGGCAGAGTTAGGTAACCCAGGGTCTCTCATTGGAGACGATCAAATTTATAATGTTATTGTTACAGCCCATGCTTTTATTATGATTTTCTTTATGGTGATGCCAATTATGATTGGGGGTTTTGGGAATTGGCTGGTGCCTTTGATATTGGGAGCTCCTGACATGGCTTTCCCTCGTATGAATAATATAAGATTTTGGTTATTACCTCCATCGTTGACTCTTTTGGTTTCAAGAAGACTGGTTGATGTAGGGGCCGGGACTGGTTGAACAGTTTACCCACCTCTGGCTGCTAATATCGCTCATGGGGGATCTTCAGTGGATTTTGCTATTTTTTCTTTACACTTGGCTGGTGTGTCATCTATTTTAGGGGCGGTTAACTTCATTACTACAGTCATTAATATACGTAGCCCGGGAATAACGTTAGATCGTATACCTTTATTTGTGTGGTCGGTAGTTATTACTGCGGTGTTATTACTTCTTTCACTACCCGTATTAGCTGGAGCCATTACTATGCTCTTAACG--------------------------------,45.1509,-81.4702
Ephemeroptera,Leptophlebiidae,Leptophlebia,Leptophlebia cupida,COI-5P,TTTCGGTGCGTGGGCAGGAATAGTTGGAACCTCGTTAAGTCTACTTATTCGGGCTGAATTAGGCCAACCAGGATCTTTAATTGGAGATGACCAAATTTATAATGTTATTGTAACCGCCCATGCCTTTATTATAATTTTCTTTATAGTAATACCCATTATGATTGGGGGTTTTGGTAATTGACTTGTACCCCTGATACTAGGAGCACCTGATATAGCTTTCCCACGAATAAATAACATGAGATTTTGGTTACTCCCACCTGCTTTAACCTTATTATTAGCTAGCAGCATAGTTGAAAGAGGTGCAGGTACCGGGTGAACAGTTTATCCTCCCCTTTCAGCAGGAATTGCACATGCAGGGGCTTCAGTAGACCTCGCTATTTTCTCTCTACATTTAGCAGGAGTTTCCTCTATTCTAGGAGCAGTAAATTTTATTACAACAACCATTAATATGCGTACAAGTGGTATAACCCTAGATCGAATTCCTTTATTTGTTTGGTCTGTGGTAATTACAGCAGTATTGTTACTTCTTTCCCTTCCTGTGTTGGCAGGAGCCATCACAATACTACTAACCGATCGTAATTTAAATACCTCATTTTTTGACCCAGCTGGAGGGGG-,38.436,-77.2524
Ephemeroptera,Leptophlebiidae,Atalophlebia,Atalophlebia albiterminata,COI-5P,TACCCTTTATTTTATCTTTGGGGCTTGGGCCGGAATGGTTGGAACCTCCCTTAGACTCCTTATTCGAGCTGAACTAGGCCAGCCCGGGTCTTTAATTGGGGATGATCAAATCTATAATGTTATCGTCACCGCCCATGCTTTTATTATGATTTTTTTTATAGTAATACCAATCATAATTGGGGGGTTTGGTAACTGACTAGTACCCTTAATGTTGGGGGCTCCCGATATAGCATTCCCTCGTATAAATAATATAAGTTTTTGGCTACTACCCCCTTCCCTAACCCTTCTATTAGCTAGTAGTATAGTAGAAAGCGGGGCGGGTACCGGATGAACCGTCTATCCCCCTTTATCTGCCGGAATCGCTCATGCAGGGGCTTCTGTTGATCTGGCTATTTTCTCCCTTCACTTGGCTGGGGTTTCTTCTATTTTAGGGGCTGTTAATTTTATTACCACAACTATTAATATACGTACCAGCGGTATAACAATAGACCGAATCCCCCTTTTTGTGTGGTCCGTAGTCATTACCGCCATTTTACTCCTCCTCTCCTTACCAGTCTTGGCAGGAGCCATTACAATACTATTAACTGACCGTAACCTAAATACATCTTTCTTTGACCCTGCAGGAGGTGGGGATCCTATCCTTTACCAACATTTGTTT,-36.953,148.325
Ephemeroptera,Leptophlebiidae,Habroleptoides,Habroleptoides confusa,COI-5P,AACACTTTATTTTATCTTCGGAGCATGATCGGGTATAATTGGAACCTCACTCAGCCTCTTAATCCGTGCAGAACTTGGACAGCCAGGATCTTTAATCGGAGATGACCAGATTTATAATGTCATTGTAACAGCCCACGCTTTCGTTATAATCTTCTTTATGGTAATACCAATTATAATTGGTGGATTCGGTAATTGGCTAGTGCCACTCATGCTTGGGGCCCCGGATATGGCATTCCCTCGCATAAACAACATAAGATTTTGGCTTCTTCCTCCAGCCTTAACTCTATTATTGGCTAGTAGCATGGTTGAAAGAGGGGCCGGGACCGGTTGAACCGTTTACCCGCCTCTTTCAGCAGGAATCGCACATGCTGGAGCTTCAGTAGACCTGGCTATTTTCTCATTACACTTAGCAGGTGTCTCGTCAATCCTAGGGGCGGTAAACTTCATTACCACCACGATTAACATACGAGCTAGAGGTATAACAATGGATCGCATCCCTCTTTTCGTATGATCTGTAGTTATTACAGCCGTTCTGCTCCTTCTAAGTCTCCCTGTTCTTGCTGGGGCTATCACGATACTCTTAACCGACCGTAACCTAAACACCTCTTTCTTTGATCCCGCTGGAGGAGGTGACCCAATTCTATACCAACATTTATTT,42.155,23.4002
Ephemeroptera,Siphlaenigmatidae,Siphlaenigma,Siphlaenigma janae,COI-5P,AACTTTATATTTTATTTTTGGTGCTTGAGCTGGAATAGTTGGAACTTCATTAAGTTTATTAATTCGAGCTGAACTTGGACAACCCGGTTCTTTAATTGGAGATGATCAAATTTATAATGTAATTGTAACCGCTCATGCTTTCGTAATAATTTTCTTTATAGTAATACCAATTATAATTGGTGGCTTTGGTAATTGATTAGTTCCTTTAATATTAGGTGCACCTGATATAGCTTTCCCTCGAATAAATAATATAAGTTTTTGATTATTACCCCCTGCTTTAACTTTATTATTAGCTAGTAGTATAGTAGAAAGAGGTGCTGGAACTGGTTGAACAGTTTACCCTCCTTTATCTGCTGGAATTGCTCACGCTGGAGCATCTGTTGATTTAGCAATTTTCTCTTTACATTTAGCAGGAATTTCTTCTATTCTTGGTGCAGTAAATTTTATTACTACAACAATTAATATACGATCTAGAGGAATAACTATAGACCGAATTCCTTTATTTGTTTGATCTGTAATTATTACAGCTGTTTTATTATTATTATCTCTCCCTGTTTTAGCAGGAGCTATTACAATATTATTAACTGATCGAAATTTAAATACTTCTTTTTTTGACCCTGCAGGAGGTGGAGACCCAATTTTATACCAACATTTATTT,-42.15,171.82
Ephemeroptera,Baetidae,Baetis,Baetis vernus,COI-5P,TACGTTGTATTTTATTTTCGGTGCCTGGTCGGGGATAGTGGGTACATCTTTAAGTCTACTTATTCGTGCTGAGCTCGGGAACCCGGGCTCTCTCATTGGTGATGACCAAATTTATAACGTTATCGTAACTGCCCATGCATTTATTATAATTTTTTTTATAGTGATACCAATCATAATTGGTGGATTTGGGAATTGATTAGTACCTCTTATATTAGGGGCACCGGATATGGCTTTCCCTCGAATAAACAATATAAGTTTTTGACTCTTGCCACCTTCTTTAACTTTATTAGTGTCAAGTAGAGTAGTAGATGTAGGAGCAGGGACTGGGTGAACTGTCTACCCTCCTCTAGCTGCTAATATCGCCCACGGGGGTTCTTCAGTAGACTTCGCTATTTTTTCTTTACATTTGGCTGGGGTTTCATCAATTCTAGGGGCAGTAAATTTTATTACAACTGTGGTTAACATACGTAGTCCGGGCATGACCCTAGATCGAATGCCCTTATTTGTGTGGTCAGTGGTGATTACTGCTGTCTTGCTTTTATTATCATTACCTGTTTTAGCAGGGGCAATTACTATATTGCTGACCGATCGAAATTTAAATACTTCATTTTTTGACCCGGCTGGTGGTGGGGATCCTATTTTATACCAACATTTATTT,50.662,9.624
